Date,Spot,Futures
2018-01-02,66.65,66.56999969482422
2018-01-03,67.85,67.83999633789062
2018-01-04,68.73,68.06999969482422
2018-01-05,68.01,67.62000274658203
2018-01-08,68.48,67.77999877929688
2018-01-09,69.08,68.81999969482422
2018-01-10,69.79,69.19999694824219
2018-01-11,70.36,69.26000213623047
2018-01-12,69.64,69.87000274658203
2018-01-16,69.4,69.1500015258789
2018-01-17,69.19,69.37999725341797
2018-01-18,69.48,69.30999755859375
2018-01-19,68.56,68.61000061035156
2018-01-22,69.32,69.02999877929688
2018-01-23,69.81,69.95999908447266
2018-01-24,69.91,70.52999877929688
2018-01-25,71.08,70.41999816894531
2018-01-26,70.08,70.5199966430664
2018-01-29,68.41,69.45999908447266
2018-01-30,67.78,69.0199966430664
2018-01-31,67.78,69.05000305175781
2018-02-01,68.6,69.08000183105469
2018-02-02,67.45,68.58000183105469
2018-02-05,67.69,67.62000274658203
2018-02-06,66.75,66.86000061035156
2018-02-07,65.74,65.51000213623047
2018-02-08,64.26,64.80999755859375
2018-02-09,63.04,62.790000915527344
2018-02-12,62.2,62.59000015258789
2018-02-13,61.94,62.720001220703125
2018-02-14,62.29,64.36000061035156
2018-02-15,62.86,64.33000183105469
2018-02-16,64.3,64.83999633789062
2018-02-20,64.68,65.25
2018-02-21,64.81,65.41999816894531
2018-02-22,66.12,66.38999938964844
2018-02-23,67.04,67.30999755859375
2018-02-26,67.96,67.5
2018-02-27,67.59,66.62999725341797
2018-02-28,66.08,65.77999877929688
2018-03-01,64.23,65.70999908447266
2018-03-02,64.26,64.37000274658203
2018-03-05,65.78,65.54000091552734
2018-03-06,65.67,65.79000091552734
2018-03-07,65.09,64.33999633789062
2018-03-08,63.87,63.61000061035156
2018-03-09,65.19,65.48999786376953
2018-03-12,64.53,64.94999694824219
2018-03-13,64.2,64.63999938964844
2018-03-14,63.61,64.88999938964844
2018-03-15,63.67,65.12000274658203
2018-03-16,64.68,66.20999908447266
2018-03-19,64.82,66.05000305175781
2018-03-20,66.0,67.41999816894531
2018-03-21,68.15,69.47000122070312
2018-03-22,68.98,68.91000366210938
2018-03-23,69.03,70.44999694824219
2018-03-26,68.81,70.12000274658203
2018-03-27,68.63,70.11000061035156
2018-03-28,68.13,69.52999877929688
2018-03-29,69.02,70.2699966430664
2018-04-03,69.02,68.12000274658203
2018-04-04,66.04,68.0199966430664
2018-04-05,66.54,68.33000183105469
2018-04-06,66.51,67.11000061035156
2018-04-09,68.19,68.6500015258789
2018-04-10,70.67,71.04000091552734
2018-04-11,72.74,72.05999755859375
2018-04-12,71.44,72.0199966430664
2018-04-13,73.18,72.58000183105469
2018-04-16,72.05,71.41999816894531
2018-04-17,71.71,71.58000183105469
2018-04-18,73.73,73.4800033569336
2018-04-19,74.85,73.77999877929688
2018-04-20,74.62,74.05999755859375
2018-04-23,74.54,74.70999908447266
2018-04-24,75.86,73.86000061035156
2018-04-25,73.79,74.0
2018-04-26,75.39,74.73999786376953
2018-04-27,75.33,74.63999938964844
2018-04-30,75.92,75.16999816894531
2018-05-01,74.85,75.16999816894531
2018-05-02,73.14,73.36000061035156
2018-05-03,73.45,73.62000274658203
2018-05-04,74.75,74.87000274658203
2018-05-08,74.16,74.8499984741211
2018-05-09,77.6,77.20999908447266
2018-05-10,77.59,77.47000122070312
2018-05-11,77.37,77.12000274658203
2018-05-14,78.17,78.2300033569336
2018-05-15,78.94,78.43000030517578
2018-05-16,78.19,79.27999877929688
2018-05-17,80.09,79.30000305175781
2018-05-18,78.38,78.51000213623047
2018-05-21,78.34,79.22000122070312
2018-05-22,80.42,79.56999969482422
2018-05-23,78.69,79.80000305175781
2018-05-24,78.9,78.79000091552734
2018-05-25,76.6,76.44000244140625
2018-05-29,74.51,75.38999938964844
2018-05-30,75.89,77.5
2018-05-31,76.45,77.58999633789062
2018-06-01,74.54,77.58999633789062
2018-06-04,73.41,75.29000091552734
2018-06-05,72.91,75.37999725341797
2018-06-06,73.23,75.36000061035156
2018-06-07,75.23,77.31999969482422
2018-06-08,75.11,76.45999908447266
2018-06-11,74.58,76.45999908447266
2018-06-12,74.86,75.87999725341797
2018-06-13,75.07,76.73999786376953
2018-06-14,74.77,75.94000244140625
2018-06-15,72.02,73.44000244140625
2018-06-18,74.87,75.33999633789062
2018-06-19,74.92,75.08000183105469
2018-06-20,74.25,74.73999786376953
2018-06-21,72.87,73.05000305175781
2018-06-22,73.67,75.55000305175781
2018-06-25,72.82,74.7300033569336
2018-06-26,73.58,76.30999755859375
2018-06-27,76.09,77.62000274658203
2018-06-28,76.26,77.8499984741211
2018-06-29,77.44,79.44000244140625
2018-07-02,76.71,77.30000305175781
2018-07-03,75.87,77.76000213623047
2018-07-05,77.09,77.38999938964844
2018-07-06,74.98,77.11000061035156
2018-07-09,77.08,78.06999969482422
2018-07-10,77.8,78.86000061035156
2018-07-11,75.35,73.4000015258789
2018-07-12,72.11,74.44999694824219
2018-07-13,74.11,75.33000183105469
2018-07-16,71.03,71.83999633789062
2018-07-17,70.87,72.16000366210938
2018-07-18,70.52,72.9000015258789
2018-07-19,71.94,72.58000183105469
2018-07-20,71.99,73.06999969482422
2018-07-23,73.45,73.05999755859375
2018-07-24,73.53,73.44000244140625
2018-07-25,73.67,73.93000030517578
2018-07-26,74.51,74.54000091552734
2018-07-27,74.84,74.29000091552734
2018-07-30,74.99,74.97000122070312
2018-07-31,74.16,74.25
2018-08-01,72.28,74.25
2018-08-02,72.95,73.44999694824219
2018-08-03,72.48,73.20999908447266
2018-08-06,72.51,73.75
2018-08-07,72.31,74.6500015258789
2018-08-08,70.71,72.27999877929688
2018-08-09,70.55,72.06999969482422
2018-08-10,71.0,72.80999755859375
2018-08-13,70.62,72.61000061035156
2018-08-14,70.77,72.45999908447266
2018-08-15,68.38,70.76000213623047
2018-08-16,69.21,71.43000030517578
2018-08-17,70.14,71.83000183105469
2018-08-20,71.11,72.20999908447266
2018-08-21,71.65,72.62999725341797
2018-08-22,72.96,74.77999877929688
2018-08-23,73.73,74.7300033569336
2018-08-24,74.41,75.81999969482422
2018-08-27,74.41,76.20999908447266
2018-08-28,75.91,75.94999694824219
2018-08-29,76.07,77.13999938964844
2018-08-30,77.05,77.7699966430664
2018-08-31,76.94,77.41999816894531
2018-09-04,77.51,78.16999816894531
2018-09-05,76.68,77.2699966430664
2018-09-06,75.67,76.5
2018-09-07,75.55,76.83000183105469
2018-09-10,76.77,77.37000274658203
2018-09-11,78.22,79.05999755859375
2018-09-12,80.02,79.73999786376953
2018-09-13,77.66,78.18000030517578
2018-09-14,77.87,78.08999633789062
2018-09-17,78.22,78.05000305175781
2018-09-18,79.25,79.02999877929688
2018-09-19,79.43,79.4000015258789
2018-09-20,79.03,78.69999694824219
2018-09-21,78.9,78.80000305175781
2018-09-24,80.89,81.19999694824219
2018-09-25,82.21,81.87000274658203
2018-09-26,81.87,81.33999633789062
2018-09-27,81.54,81.72000122070312
2018-09-28,82.72,82.72000122070312
2018-10-01,84.94,84.9800033569336
2018-10-02,85.63,84.80000305175781
2018-10-03,85.45,86.29000091552734
2018-10-04,86.07,84.58000183105469
2018-10-05,85.12,84.16000366210938
2018-10-08,84.22,83.91000366210938
2018-10-09,85.16,85.0
2018-10-10,83.82,83.08999633789062
2018-10-11,81.35,80.26000213623047
2018-10-12,80.71,80.43000030517578
2018-10-15,80.91,80.77999877929688
2018-10-16,80.53,81.41000366210938
2018-10-17,79.91,80.05000305175781
2018-10-18,80.3,79.29000091552734
2018-10-19,80.38,79.77999877929688
2018-10-22,80.45,79.83000183105469
2018-10-23,78.67,76.44000244140625
2018-10-24,77.34,76.16999816894531
2018-10-25,77.3,76.88999938964844
2018-10-26,77.4,77.62000274658203
2018-10-29,77.56,77.33999633789062
2018-10-30,75.68,75.91000366210938
2018-10-31,74.84,75.47000122070312
2018-11-01,71.25,75.5
2018-11-02,71.11,72.83000183105469
2018-11-05,72.68,73.16999816894531
2018-11-06,70.64,72.12999725341797
2018-11-07,70.1,72.06999969482422
2018-11-08,69.29,70.6500015258789
2018-11-09,69.01,70.18000030517578
2018-11-12,69.81,70.12000274658203
2018-11-13,65.45,65.47000122070312
2018-11-14,64.88,66.12000274658203
2018-11-15,65.61,66.62000274658203
2018-11-16,65.29,66.76000213623047
2018-11-19,64.14,66.79000091552734
2018-11-20,61.5,62.529998779296875
2018-11-21,61.65,63.47999954223633
2018-11-23,57.69,58.79999923706055
2018-11-26,59.7,60.47999954223633
2018-11-27,59.58,60.209999084472656
2018-11-28,57.97,58.7599983215332
2018-11-29,58.29,59.5099983215332
2018-11-30,57.71,58.709999084472656
2018-12-03,60.17,61.689998626708984
2018-12-04,61.22,62.08000183105469
2018-12-06,57.83,60.060001373291016
2018-12-07,61.71,61.66999816894531
2018-12-10,60.29,59.970001220703125
2018-12-11,59.73,60.20000076293945
2018-12-12,59.94,60.150001525878906
2018-12-13,59.03,61.45000076293945
2018-12-14,58.56,60.279998779296875
2018-12-17,57.59,59.61000061035156
2018-12-18,55.26,56.2599983215332
2018-12-19,55.6,57.2400016784668
2018-12-20,52.84,54.349998474121094
2018-12-21,51.93,53.81999969482422
2018-12-27,51.49,52.15999984741211
2018-12-28,50.57,52.20000076293945
2019-01-02,54.06,54.90999984741211
2019-01-03,53.23,55.95000076293945
2019-01-04,55.64,57.060001373291016
2019-01-07,57.1,57.33000183105469
2019-01-08,56.91,58.720001220703125
2019-01-09,59.46,61.439998626708984
2019-01-10,60.47,61.68000030517578
2019-01-11,59.24,60.47999954223633
2019-01-14,58.8,58.9900016784668
2019-01-15,58.65,60.63999938964844
2019-01-16,59.81,61.31999969482422
2019-01-17,59.85,61.18000030517578
2019-01-18,62.04,62.70000076293945
2019-01-22,60.9,61.5
2019-01-23,61.05,61.13999938964844
2019-01-24,61.09,61.09000015258789
2019-01-25,61.49,61.63999938964844
2019-01-28,59.71,59.93000030517578
2019-01-29,60.98,61.31999969482422
2019-01-30,61.89,61.650001525878906
2019-01-31,62.46,61.88999938964844
2019-02-01,61.86,61.869998931884766
2019-02-04,62.26,62.5099983215332
2019-02-05,61.67,61.97999954223633
2019-02-06,62.22,62.689998626708984
2019-02-07,61.01,61.630001068115234
2019-02-08,61.37,62.099998474121094
2019-02-11,61.3,61.5099983215332
2019-02-12,62.58,62.41999816894531
2019-02-13,63.27,63.61000061035156
2019-02-14,64.0,64.56999969482422
2019-02-15,65.65,66.25
2019-02-19,65.86,66.44999694824219
2019-02-20,66.82,67.08000183105469
2019-02-21,66.91,67.06999969482422
2019-02-22,66.91,67.12000274658203
2019-02-25,64.02,64.76000213623047
2019-02-26,64.51,65.20999908447266
2019-02-27,65.55,66.38999938964844
2019-02-28,65.03,66.02999877929688
2019-03-01,63.71,65.06999969482422
2019-03-04,64.44,65.66999816894531
2019-03-05,64.24,65.86000061035156
2019-03-06,64.51,65.98999786376953
2019-03-07,64.82,66.30000305175781
2019-03-08,65.66,65.73999786376953
2019-03-11,65.06,66.58000183105469
2019-03-12,65.33,66.66999816894531
2019-03-13,65.89,67.55000305175781
2019-03-14,66.18,67.2300033569336
2019-03-15,66.11,67.16000366210938
2019-03-18,66.65,67.54000091552734
2019-03-19,67.13,67.61000061035156
2019-03-20,68.35,68.5
2019-03-21,68.3,67.86000061035156
2019-03-22,66.29,67.02999877929688
2019-03-25,67.37,67.20999908447266
2019-03-26,67.51,67.97000122070312
2019-03-27,67.35,67.83000183105469
2019-03-28,66.08,67.81999969482422
2019-03-29,67.93,68.38999938964844
2019-04-01,69.08,69.01000213623047
2019-04-02,69.68,69.37000274658203
2019-04-03,69.21,69.30999755859375
2019-04-04,69.8,69.4000015258789
2019-04-05,69.93,70.33999633789062
2019-04-08,71.12,71.0999984741211
2019-04-09,71.02,70.61000061035156
2019-04-10,71.63,71.7300033569336
2019-04-11,71.3,70.83000183105469
2019-04-12,71.57,71.55000305175781
2019-04-15,70.9,71.18000030517578
2019-04-16,70.74,71.72000122070312
2019-04-17,71.14,71.62000274658203
2019-04-18,70.71,71.97000122070312
2019-04-22,70.71,74.04000091552734
2019-04-23,74.39,74.51000213623047
2019-04-24,73.59,74.56999969482422
2019-04-25,74.94,74.3499984741211
2019-04-26,71.03,72.1500015258789
2019-04-29,71.22,72.04000091552734
2019-04-30,72.19,72.80000305175781
2019-05-01,72.01,72.18000030517578
2019-05-02,70.56,70.75
2019-05-03,71.95,70.8499984741211
2019-05-06,71.95,71.23999786376953
2019-05-07,70.98,69.87999725341797
2019-05-08,71.09,70.37000274658203
2019-05-09,70.61,70.38999938964844
2019-05-10,71.63,70.62000274658203
2019-05-13,72.35,70.2300033569336
2019-05-14,72.53,71.23999786376953
2019-05-15,73.09,71.7699966430664
2019-05-16,74.7,72.62000274658203
2019-05-17,73.94,72.20999908447266
2019-05-20,73.21,71.97000122070312
2019-05-21,72.94,72.18000030517578
2019-05-22,71.94,70.98999786376953
2019-05-23,68.37,67.76000213623047
2019-05-24,67.98,68.69000244140625
2019-05-28,70.19,70.11000061035156
2019-05-29,70.64,69.44999694824219
2019-05-30,69.55,66.87000274658203
2019-05-31,66.78,64.48999786376953
2019-06-03,63.16,61.279998779296875
2019-06-04,63.56,61.970001220703125
2019-06-05,62.14,60.630001068115234
2019-06-06,62.77,61.66999816894531
2019-06-07,64.1,63.290000915527344
2019-06-10,64.31,62.290000915527344
2019-06-11,63.56,62.290000915527344
2019-06-12,61.66,59.970001220703125
2019-06-13,63.28,61.310001373291016
2019-06-14,63.13,62.0099983215332
2019-06-17,62.56,60.939998626708984
2019-06-18,63.35,62.13999938964844
2019-06-19,62.85,61.81999969482422
2019-06-20,65.44,64.44999694824219
2019-06-21,65.99,65.19999694824219
2019-06-24,65.16,64.86000061035156
2019-06-25,66.24,65.05000305175781
2019-06-26,66.85,66.48999786376953
2019-06-27,66.78,66.55000305175781
2019-06-28,67.52,66.55000305175781
2019-07-01,65.1,65.05999755859375
2019-07-02,62.72,62.400001525878906
2019-07-03,63.53,63.81999969482422
2019-07-05,64.23,64.2300033569336
2019-07-08,64.89,64.11000061035156
2019-07-09,64.3,64.16000366210938
2019-07-10,66.41,67.01000213623047
2019-07-11,67.64,66.5199966430664
2019-07-12,66.65,66.72000122070312
2019-07-15,66.86,66.4800033569336
2019-07-16,65.87,64.3499984741211
2019-07-17,63.67,63.65999984741211
2019-07-18,60.7,61.93000030517578
2019-07-19,61.04,62.470001220703125
2019-07-22,61.96,63.2599983215332
2019-07-23,62.28,63.83000183105469
2019-07-24,63.83,63.18000030517578
2019-07-25,63.47,63.38999938964844
2019-07-26,62.46,63.459999084472656
2019-07-29,62.29,63.709999084472656
2019-07-30,62.55,64.72000122070312
2019-07-31,64.07,65.16999816894531
2019-08-01,62.9,60.5
2019-08-02,61.12,61.88999938964844
2019-08-05,59.32,59.810001373291016
2019-08-06,58.63,58.939998626708984
2019-08-07,55.03,56.22999954223633
2019-08-08,56.29,57.380001068115234
2019-08-09,57.37,58.529998779296875
2019-08-12,57.13,58.56999969482422
2019-08-13,59.9,61.29999923706055
2019-08-14,57.86,59.47999954223633
2019-08-15,57.37,58.22999954223633
2019-08-16,59.0,58.63999938964844
2019-08-19,59.79,59.7400016784668
2019-08-20,59.03,60.029998779296875
2019-08-21,60.6,60.29999923706055
2019-08-22,59.81,59.91999816894531
2019-08-23,58.64,59.34000015258789
2019-08-26,58.64,58.70000076293945
2019-08-27,58.44,59.5099983215332
2019-08-28,60.42,60.4900016784668
2019-08-29,60.59,61.08000183105469
2019-08-30,61.04,60.43000030517578
2019-09-03,57.93,58.2599983215332
2019-09-04,60.68,60.70000076293945
2019-09-05,62.7,60.95000076293945
2019-09-06,61.28,61.540000915527344
2019-09-09,63.99,62.59000015258789
2019-09-10,64.67,62.380001068115234
2019-09-11,63.02,60.810001373291016
2019-09-12,60.76,60.380001068115234
2019-09-13,61.25,60.220001220703125
2019-09-16,68.42,69.0199966430664
2019-09-17,65.59,64.55000305175781
2019-09-18,64.29,63.599998474121094
2019-09-19,64.25,64.4000015258789
2019-09-20,65.23,64.27999877929688
2019-09-23,64.66,64.7699966430664
2019-09-24,64.13,63.099998474121094
2019-09-25,62.41,62.38999938964844
2019-09-26,62.08,62.7400016784668
2019-09-27,62.48,61.90999984741211
2019-09-30,60.99,60.779998779296875
2019-10-01,60.06,58.88999938964844
2019-10-02,57.92,57.689998626708984
2019-10-03,58.01,57.709999084472656
2019-10-04,59.13,58.369998931884766
2019-10-07,59.46,58.349998474121094
2019-10-08,58.14,58.2400016784668
2019-10-09,59.7,58.31999969482422
2019-10-10,59.08,59.099998474121094
2019-10-11,60.59,60.5099983215332
2019-10-14,58.81,59.349998474121094
2019-10-15,59.19,58.7400016784668
2019-10-16,59.3,59.41999816894531
2019-10-17,59.35,59.90999984741211
2019-10-18,59.96,59.41999816894531
2019-10-21,58.95,58.959999084472656
2019-10-22,60.5,59.70000076293945
2019-10-23,60.52,61.16999816894531
2019-10-24,61.71,61.66999816894531
2019-10-25,62.06,62.02000045776367
2019-10-28,60.39,61.56999969482422
2019-10-29,61.05,61.59000015258789
2019-10-30,60.22,60.61000061035156
2019-10-31,59.3,60.22999954223633
2019-11-01,60.17,61.689998626708984
2019-11-04,62.52,62.130001068115234
2019-11-05,62.72,62.959999084472656
2019-11-06,62.11,61.7400016784668
2019-11-07,62.6,62.290000915527344
2019-11-08,62.0,62.5099983215332
2019-11-11,62.58,62.18000030517578
2019-11-12,62.19,62.060001373291016
2019-11-13,62.27,62.369998931884766
2019-11-14,62.46,62.279998779296875
2019-11-15,63.32,63.29999923706055
2019-11-18,62.82,62.439998626708984
2019-11-19,62.37,60.90999984741211
2019-11-20,63.8,62.400001525878906
2019-11-21,64.99,63.970001220703125
2019-11-22,64.83,63.38999938964844
2019-11-25,64.67,63.650001525878906
2019-11-26,64.82,64.2699966430664
2019-11-27,65.03,64.05999755859375
2019-11-29,64.5,62.43000030517578
2019-12-02,63.2,60.91999816894531
2019-12-03,62.95,60.81999969482422
2019-12-04,65.25,63.0
2019-12-05,65.67,63.38999938964844
2019-12-06,66.5,64.38999938964844
2019-12-09,66.44,64.25
2019-12-10,66.57,64.33999633789062
2019-12-11,65.37,63.720001220703125
2019-12-12,66.67,64.19999694824219
2019-12-13,67.44,65.22000122070312
2019-12-16,68.04,65.33999633789062
2019-12-17,68.99,66.0999984741211
2019-12-18,69.12,66.16999816894531
2019-12-19,69.7,66.54000091552734
2019-12-20,68.66,66.13999938964844
2019-12-23,67.49,66.38999938964844
2019-12-24,69.26,67.19999694824219
2019-12-26,69.26,67.91999816894531
2019-12-27,68.91,68.16000366210938
2019-12-30,68.3,68.44000244140625
2019-12-31,67.77,66.0
2020-01-02,67.05,66.25
2020-01-03,69.08,68.5999984741211
2020-01-06,70.25,68.91000366210938
2020-01-07,68.74,68.2699966430664
2020-01-08,67.31,65.44000244140625
2020-01-09,66.58,65.37000274658203
2020-01-10,66.77,64.9800033569336
2020-01-13,64.14,64.19999694824219
2020-01-14,64.45,64.48999786376953
2020-01-15,63.29,64.0
2020-01-16,64.63,64.62000274658203
2020-01-17,64.05,64.8499984741211
2020-01-21,63.66,64.58999633789062
2020-01-22,62.11,63.209999084472656
2020-01-23,61.26,62.040000915527344
2020-01-24,59.34,60.689998626708984
2020-01-27,58.54,59.31999969482422
2020-01-28,59.37,59.5099983215332
2020-01-29,59.46,59.810001373291016
2020-01-30,57.72,58.290000915527344
2020-01-31,57.77,58.15999984741211
2020-02-03,54.0,54.45000076293945
2020-02-04,53.9,53.959999084472656
2020-02-05,55.36,55.279998779296875
2020-02-06,55.18,54.93000030517578
2020-02-07,54.53,54.470001220703125
2020-02-10,53.39,53.27000045776367
2020-02-11,54.0,54.0099983215332
2020-02-12,55.54,55.790000915527344
2020-02-13,56.34,56.34000015258789
2020-02-14,57.37,57.31999969482422
2020-02-18,57.35,57.75
2020-02-19,59.72,59.119998931884766
2020-02-20,59.57,59.310001373291016
2020-02-21,58.6,58.5
2020-02-24,56.71,56.29999923706055
2020-02-25,55.29,54.95000076293945
2020-02-26,54.96,53.43000030517578
2020-02-27,52.19,52.18000030517578
2020-02-28,51.31,50.52000045776367
2020-03-02,52.52,51.900001525878906
2020-03-03,52.24,51.86000061035156
2020-03-04,51.86,51.130001068115234
2020-03-05,51.29,49.9900016784668
2020-03-06,45.6,45.27000045776367
2020-03-09,35.33,34.36000061035156
2020-03-10,35.57,37.220001220703125
2020-03-11,34.45,35.790000915527344
2020-03-12,31.02,33.220001220703125
2020-03-13,32.25,33.849998474121094
2020-03-16,27.98,30.049999237060547
2020-03-17,27.97,28.729999542236328
2020-03-18,22.79,24.8799991607666
2020-03-19,23.98,28.469999313354492
2020-03-20,25.55,26.979999542236328
2020-03-23,23.75,27.030000686645508
2020-03-24,24.5,27.149999618530273
2020-03-25,25.62,27.389999389648438
2020-03-26,23.55,26.34000015258789
2020-03-27,22.39,24.93000030517578
2020-03-30,19.19,22.760000228881836
2020-03-31,14.85,22.739999771118164
2020-04-01,14.97,24.739999771118164
2020-04-02,20.24,29.940000534057617
2020-04-03,24.33,34.11000061035156
2020-04-06,22.58,33.04999923706055
2020-04-07,22.1,31.8700008392334
2020-04-08,25.22,32.84000015258789
2020-04-09,20.23,31.479999542236328
2020-04-14,21.74,29.600000381469727
2020-04-15,19.8,27.690000534057617
2020-04-16,18.69,27.81999969482422
2020-04-17,19.75,28.079999923706055
2020-04-20,17.36,25.56999969482422
2020-04-21,9.12,19.329999923706055
2020-04-22,13.77,20.3700008392334
2020-04-23,15.06,21.329999923706055
2020-04-24,15.87,21.440000534057617
2020-04-27,15.17,19.989999771118164
2020-04-28,15.6,20.459999084472656
2020-04-29,17.86,22.540000915527344
2020-04-30,18.11,25.270000457763672
2020-05-01,18.49,26.440000534057617
2020-05-04,20.4,27.200000762939453
2020-05-05,25.46,30.969999313354492
2020-05-06,24.2,29.719999313354492
2020-05-07,24.23,29.459999084472656
2020-05-11,25.53,29.6299991607666
2020-05-12,26.67,29.979999542236328
2020-05-13,27.89,29.190000534057617
2020-05-14,29.87,31.1299991607666
2020-05-15,30.95,32.5
2020-05-18,33.3,34.810001373291016
2020-05-19,33.06,34.650001525878906
2020-05-20,34.76,35.75
2020-05-21,34.78,36.060001373291016
2020-05-22,33.8,35.130001068115234
2020-05-26,33.95,36.16999816894531
2020-05-27,32.73,34.7400016784668
2020-05-28,33.98,35.290000915527344
2020-05-29,34.15,35.33000183105469
2020-06-01,36.74,38.31999969482422
2020-06-02,37.72,39.56999969482422
2020-06-03,37.98,39.790000915527344
2020-06-04,38.41,39.9900016784668
2020-06-05,41.0,42.29999923706055
2020-06-08,39.66,40.79999923706055
2020-06-09,40.45,41.18000030517578
2020-06-10,41.18,41.72999954223633
2020-06-11,37.76,38.54999923706055
2020-06-12,38.54,38.72999954223633
2020-06-15,39.44,39.720001220703125
2020-06-16,40.75,40.959999084472656
2020-06-17,40.47,40.709999084472656
2020-06-18,41.75,41.5099983215332
2020-06-19,42.33,42.189998626708984
2020-06-22,43.2,43.08000183105469
2020-06-23,42.72,42.630001068115234
2020-06-24,40.4,40.310001373291016
2020-06-25,41.18,41.04999923706055
2020-06-26,40.97,41.02000045776367
2020-06-29,41.58,41.709999084472656
2020-06-30,41.64,41.150001525878906
2020-07-01,42.18,42.029998779296875
2020-07-02,43.19,43.13999938964844
2020-07-06,42.73,43.099998474121094
2020-07-07,43.28,43.08000183105469
2020-07-08,43.67,43.290000915527344
2020-07-09,42.35,42.349998474121094
2020-07-10,43.27,43.2400016784668
2020-07-13,42.85,42.720001220703125
2020-07-14,42.97,42.900001525878906
2020-07-15,43.96,43.790000915527344
2020-07-16,43.71,43.369998931884766
2020-07-17,43.53,43.13999938964844
2020-07-20,43.3,43.279998779296875
2020-07-21,44.31,44.31999969482422
2020-07-22,43.98,44.290000915527344
2020-07-23,42.96,43.310001373291016
2020-07-24,43.29,43.34000015258789
2020-07-27,43.39,43.40999984741211
2020-07-28,43.11,43.220001220703125
2020-07-29,43.51,43.75
2020-07-30,42.98,42.939998626708984
2020-07-31,43.13,43.29999923706055
2020-08-03,43.76,44.150001525878906
2020-08-04,43.99,44.43000030517578
2020-08-05,44.92,45.16999816894531
2020-08-06,45.04,45.09000015258789
2020-08-07,44.07,44.400001525878906
2020-08-10,44.19,44.9900016784668
2020-08-11,43.68,44.5
2020-08-12,45.09,45.43000030517578
2020-08-13,44.87,44.959999084472656
2020-08-14,44.86,44.79999923706055
2020-08-17,44.91,45.369998931884766
2020-08-18,45.34,45.459999084472656
2020-08-19,45.21,45.369998931884766
2020-08-20,44.56,44.900001525878906
2020-08-21,43.94,44.349998474121094
2020-08-24,44.43,45.130001068115234
2020-08-25,46.01,45.86000061035156
2020-08-26,45.79,45.63999938964844
2020-08-27,44.84,45.09000015258789
2020-08-28,45.22,45.04999923706055
2020-09-01,45.72,45.58000183105469
2020-09-02,42.7,44.43000030517578
2020-09-03,42.72,44.06999969482422
2020-09-04,41.1,42.65999984741211
2020-09-08,38.53,39.779998779296875
2020-09-09,39.98,40.790000915527344
2020-09-10,39.27,40.060001373291016
2020-09-11,38.8,39.83000183105469
2020-09-14,38.57,39.61000061035156
2020-09-15,39.54,40.529998779296875
2020-09-16,41.23,42.220001220703125
2020-09-17,42.35,43.29999923706055
2020-09-18,42.16,43.150001525878906
2020-09-21,40.37,41.439998626708984
2020-09-22,40.84,41.720001220703125
2020-09-23,41.09,41.77000045776367
2020-09-24,41.24,41.939998626708984
2020-09-25,40.91,41.91999816894531
2020-09-28,41.59,42.43000030517578
2020-09-29,40.33,41.029998779296875
2020-09-30,40.3,40.95000076293945
2020-10-01,39.75,40.93000030517578
2020-10-02,38.0,39.27000045776367
2020-10-05,39.78,41.290000915527344
2020-10-06,41.27,42.650001525878906
2020-10-07,40.62,41.9900016784668
2020-10-08,42.0,43.34000015258789
2020-10-09,41.63,42.849998474121094
2020-10-12,40.5,41.720001220703125
2020-10-13,41.34,42.45000076293945
2020-10-14,41.81,43.31999969482422
2020-10-15,41.61,43.15999984741211
2020-10-16,41.34,42.93000030517578
2020-10-19,41.29,42.619998931884766
2020-10-20,41.62,43.15999984741211
2020-10-21,40.09,41.72999954223633
2020-10-22,41.28,42.459999084472656
2020-10-23,40.71,41.77000045776367
2020-10-26,39.06,40.459999084472656
2020-10-27,39.72,41.20000076293945
2020-10-28,37.86,39.119998931884766
2020-10-29,36.56,37.650001525878906
2020-10-30,36.33,37.459999084472656
2020-11-02,37.78,38.970001220703125
2020-11-03,38.17,39.709999084472656
2020-11-04,39.68,41.22999954223633
2020-11-05,39.47,40.93000030517578
2020-11-06,38.08,39.45000076293945
2020-11-09,40.93,42.400001525878906
2020-11-10,42.25,43.61000061035156
2020-11-11,42.5,43.79999923706055
2020-11-12,42.16,43.529998779296875
2020-11-13,41.51,42.779998779296875
2020-11-16,42.71,43.81999969482422
2020-11-17,42.54,43.75
2020-11-18,42.91,44.34000015258789
2020-11-19,43.09,44.20000076293945
2020-11-20,43.79,44.959999084472656
2020-11-23,45.0,46.060001373291016
2020-11-24,46.63,47.86000061035156
2020-11-25,47.3,48.61000061035156
2020-11-27,46.88,48.18000030517578
2020-11-30,46.84,47.59000015258789
2020-12-01,47.03,47.41999816894531
2020-12-02,47.8,48.25
2020-12-03,48.37,48.709999084472656
2020-12-04,49.1,49.25
2020-12-07,48.63,48.790000915527344
2020-12-08,48.84,48.84000015258789
2020-12-09,48.81,48.86000061035156
2020-12-10,50.33,50.25
2020-12-11,50.01,49.970001220703125
2020-12-14,50.27,50.290000915527344
2020-12-15,50.77,50.7599983215332
2020-12-16,50.83,51.08000183105469
2020-12-17,51.2,51.5
2020-12-18,52.17,52.2599983215332
2020-12-21,50.61,50.90999984741211
2020-12-22,49.88,50.08000183105469
2020-12-23,51.05,51.20000076293945
2020-12-24,50.88,51.290000915527344
2020-12-28,50.88,50.86000061035156
2020-12-29,50.44,51.09000015258789
2020-12-30,50.74,51.34000015258789
2020-12-31,51.22,51.79999923706055
2021-01-04,50.37,51.09000015258789
2021-01-05,53.16,53.599998474121094
2021-01-06,53.8,54.29999923706055
2021-01-07,53.7,54.380001068115234
2021-01-08,55.51,55.9900016784668
2021-01-11,54.84,55.65999984741211
2021-01-12,55.98,56.58000183105469
2021-01-13,55.52,56.060001373291016
2021-01-14,55.76,56.41999816894531
2021-01-15,54.8,55.099998474121094
2021-01-19,55.38,55.900001525878906
2021-01-20,55.66,56.08000183105469
2021-01-21,55.68,56.099998474121094
2021-01-22,55.22,55.40999984741211
2021-01-25,55.44,55.880001068115234
2021-01-26,55.26,55.90999984741211
2021-01-27,55.07,55.810001373291016
2021-01-28,54.87,55.529998779296875
2021-01-29,55.25,55.880001068115234
2021-02-01,56.42,56.349998474121094
2021-02-02,57.62,57.459999084472656
2021-02-03,58.61,58.459999084472656
2021-02-04,58.98,58.84000015258789
2021-02-05,59.48,59.34000015258789
2021-02-08,60.17,60.560001373291016
2021-02-09,60.74,61.09000015258789
2021-02-10,61.17,61.470001220703125
2021-02-11,61.09,61.13999938964844
2021-02-12,62.47,62.43000030517578
2021-02-16,63.96,63.349998474121094
2021-02-17,65.02,64.33999633789062
2021-02-18,64.09,63.93000030517578
2021-02-19,62.84,62.90999984741211
2021-02-22,64.73,65.23999786376953
2021-02-23,65.16,65.37000274658203
2021-02-24,66.85,67.04000091552734
2021-02-25,66.69,66.87999725341797
2021-02-26,65.86,66.12999725341797
2021-03-01,64.56,63.689998626708984
2021-03-02,63.17,62.70000076293945
2021-03-03,64.7,64.06999969482422
2021-03-04,67.32,66.73999786376953
2021-03-05,69.95,69.36000061035156
2021-03-08,68.0,68.23999786376953
2021-03-09,67.03,67.5199966430664
2021-03-10,67.53,67.9000015258789
2021-03-11,69.34,69.62999725341797
2021-03-12,68.87,69.22000122070312
2021-03-15,68.78,68.87999725341797
2021-03-16,67.95,68.38999938964844
2021-03-17,67.73,68.0
2021-03-18,62.11,63.279998779296875
2021-03-19,64.0,64.52999877929688
2021-03-22,63.89,64.62000274658203
2021-03-23,59.96,60.790000915527344
2021-03-24,63.7,64.41000366210938
2021-03-25,61.21,61.95000076293945
2021-03-26,63.77,64.56999969482422
2021-03-29,64.06,64.9800033569336
2021-03-30,63.28,64.13999938964844
2021-03-31,63.52,63.540000915527344
2021-04-01,63.85,64.86000061035156
2021-04-06,61.47,62.7400016784668
2021-04-07,61.86,63.15999984741211
2021-04-08,62.09,63.20000076293945
2021-04-09,61.89,62.95000076293945
2021-04-12,62.38,63.279998779296875
2021-04-13,62.83,63.66999816894531
2021-04-14,66.11,66.58000183105469
2021-04-15,66.13,66.94000244140625
2021-04-16,65.98,66.7699966430664
2021-04-19,66.54,67.05000305175781
2021-04-20,65.34,66.56999969482422
2021-04-21,64.02,65.31999969482422
2021-04-22,65.07,65.4000015258789
2021-04-23,65.75,66.11000061035156
2021-04-26,65.5,65.6500015258789
2021-04-27,66.25,66.41999816894531
2021-04-28,67.08,67.2699966430664
2021-04-29,68.26,68.55999755859375
2021-04-30,67.73,67.25
2021-05-04,68.91,68.87999725341797
2021-05-05,69.71,68.95999908447266
2021-05-06,68.62,68.08999633789062
2021-05-07,68.73,68.27999877929688
2021-05-10,68.61,68.31999969482422
2021-05-11,68.83,68.55000305175781
2021-05-12,69.62,69.31999969482422
2021-05-13,67.36,67.05000305175781
2021-05-14,69.24,68.70999908447266
2021-05-17,69.62,69.45999908447266
2021-05-18,69.01,68.70999908447266
2021-05-19,66.88,66.66000366210938
2021-05-20,65.18,65.11000061035156
2021-05-21,66.72,66.44000244140625
2021-05-24,68.59,68.45999908447266
2021-05-25,68.8,68.6500015258789
2021-05-26,68.93,68.87000274658203
2021-05-27,69.43,69.45999908447266
2021-05-28,69.36,69.62999725341797
2021-06-01,70.03,70.25
2021-06-02,70.6,71.3499984741211
2021-06-03,70.71,71.30999755859375
2021-06-04,71.3,71.88999938964844
2021-06-07,70.89,71.48999786376953
2021-06-08,71.39,72.22000122070312
2021-06-09,71.31,72.22000122070312
2021-06-10,71.65,72.5199966430664
2021-06-11,72.05,72.69000244140625
2021-06-14,72.27,72.86000061035156
2021-06-15,73.38,73.98999786376953
2021-06-16,73.88,74.38999938964844
2021-06-17,72.92,73.08000183105469
2021-06-18,73.1,73.51000213623047
2021-06-21,74.49,74.9000015258789
2021-06-22,74.92,74.80999755859375
2021-06-23,75.22,75.19000244140625
2021-06-24,75.95,75.55999755859375
2021-06-25,76.45,76.18000030517578
2021-06-28,74.78,74.68000030517578
2021-06-29,75.38,74.76000213623047
2021-06-30,76.94,75.12999725341797
2021-07-01,76.69,75.83999633789062
2021-07-02,77.51,76.16999816894531
2021-07-06,75.81,74.52999877929688
2021-07-07,74.31,73.43000030517578
2021-07-08,75.07,74.12000274658203
2021-07-09,77.14,75.55000305175781
2021-07-12,76.77,75.16000366210938
2021-07-13,77.5,76.48999786376953
2021-07-14,75.74,74.76000213623047
2021-07-15,74.53,73.47000122070312
2021-07-16,74.46,73.58999633789062
2021-07-19,69.33,68.62000274658203
2021-07-20,70.03,69.3499984741211
2021-07-21,72.54,72.2300033569336
2021-07-22,74.25,73.79000091552734
2021-07-23,74.86,74.0999984741211
2021-07-26,74.79,74.5
2021-07-27,74.87,74.4800033569336
2021-07-28,75.09,74.73999786376953
2021-07-29,76.3,76.05000305175781
2021-07-30,77.72,76.33000183105469
2021-08-02,73.91,72.88999938964844
2021-08-03,73.24,72.41000366210938
2021-08-04,70.99,70.37999725341797
2021-08-05,72.14,71.29000091552734
2021-08-06,71.02,70.69999694824219
2021-08-09,69.65,69.04000091552734
2021-08-10,71.14,70.62999725341797
2021-08-11,71.99,71.44000244140625
2021-08-12,71.79,71.30999755859375
2021-08-13,70.9,70.58999633789062
2021-08-16,70.07,69.51000213623047
2021-08-17,69.4,69.02999877929688
2021-08-18,68.61,68.2300033569336
2021-08-19,66.8,66.44999694824219
2021-08-20,65.51,65.18000030517578
2021-08-23,69.07,68.75
2021-08-24,71.21,71.05000305175781
2021-08-25,72.12,72.25
2021-08-26,70.42,71.06999969482422
2021-08-27,72.26,72.69999694824219
2021-08-31,73.45,72.98999786376953
2021-09-01,71.99,71.58999633789062
2021-09-02,73.56,73.02999877929688
2021-09-03,73.07,72.61000061035156
2021-09-07,71.52,71.69000244140625
2021-09-08,72.36,72.5999984741211
2021-09-09,71.32,71.44999694824219
2021-09-10,72.44,72.91999816894531
2021-09-13,72.97,73.51000213623047
2021-09-14,73.05,73.5999984741211
2021-09-15,74.84,75.45999908447266
2021-09-16,75.14,75.66999816894531
2021-09-17,74.64,75.33999633789062
2021-09-20,73.59,73.91999816894531
2021-09-21,73.65,74.36000061035156
2021-09-22,75.5,76.19000244140625
2021-09-23,76.44,77.25
2021-09-24,77.42,78.08999633789062
2021-09-27,78.85,79.52999877929688
2021-09-28,78.3,79.08999633789062
2021-09-29,77.86,78.63999938964844
2021-09-30,77.81,78.5199966430664
2021-10-01,79.4,79.27999877929688
2021-10-04,81.44,81.26000213623047
2021-10-05,82.72,82.55999755859375
2021-10-06,81.39,81.08000183105469
2021-10-07,82.34,81.94999694824219
2021-10-08,82.17,82.38999938964844
2021-10-11,83.75,83.6500015258789
2021-10-12,83.53,83.41999816894531
2021-10-13,83.53,83.18000030517578
2021-10-14,83.86,84.0
2021-10-15,84.67,84.86000061035156
2021-10-18,84.13,84.33000183105469
2021-10-19,85.02,85.08000183105469
2021-10-20,85.76,85.81999969482422
2021-10-21,84.58,84.61000061035156
2021-10-22,85.43,85.52999877929688
2021-10-25,84.85,85.98999786376953
2021-10-26,85.11,86.4000015258789
2021-10-27,84.12,84.58000183105469
2021-10-28,83.4,84.31999969482422
2021-10-29,83.1,84.37999725341797
2021-11-01,84.51,84.70999908447266
2021-11-02,84.42,84.72000122070312
2021-11-03,81.1,81.98999786376953
2021-11-04,80.15,80.54000091552734
2021-11-05,82.43,82.73999786376953
2021-11-08,83.22,83.43000030517578
2021-11-09,84.52,84.77999877929688
2021-11-10,82.91,82.63999938964844
2021-11-11,83.4,82.87000274658203
2021-11-12,82.9,82.16999816894531
2021-11-15,81.94,82.05000305175781
2021-11-16,82.85,82.43000030517578
2021-11-17,80.67,80.27999877929688
2021-11-18,82.45,81.23999786376953
2021-11-19,80.24,78.88999938964844
2021-11-22,80.97,79.69999694824219
2021-11-23,83.43,82.30999755859375
2021-11-24,82.37,82.25
2021-11-26,72.37,72.72000122070312
2021-11-29,73.34,73.44000244140625
2021-11-30,70.86,70.56999969482422
2021-12-01,69.53,68.87000274658203
2021-12-02,70.56,69.66999816894531
2021-12-03,70.71,69.87999725341797
2021-12-06,73.38,73.08000183105469
2021-12-07,75.54,75.44000244140625
2021-12-08,75.94,75.81999969482422
2021-12-09,74.1,74.41999816894531
2021-12-10,74.98,75.1500015258789
2021-12-13,74.12,74.38999938964844
2021-12-14,73.37,73.69999694824219
2021-12-15,73.71,73.87999725341797
2021-12-16,74.64,75.0199966430664
2021-12-17,72.97,73.5199966430664
2021-12-20,70.51,71.5199966430664
2021-12-21,72.85,73.9800033569336
2021-12-22,74.69,75.29000091552734
2021-12-23,76.26,76.8499984741211
2021-12-29,78.63,79.2300033569336
2021-12-30,78.61,79.31999969482422
2021-12-31,77.24,77.77999877929688
2022-01-03,78.25,78.9800033569336
2022-01-04,79.39,80.0
2022-01-05,80.6,80.80000305175781
2022-01-06,81.99,81.98999786376953
2022-01-07,82.28,81.75
2022-01-10,81.56,80.87000274658203
2022-01-11,84.98,83.72000122070312
2022-01-12,85.83,84.66999816894531
2022-01-13,85.8,84.47000122070312
2022-01-14,87.17,86.05999755859375
2022-01-18,88.83,87.51000213623047
2022-01-19,89.64,88.44000244140625
2022-01-20,89.75,88.37999725341797
2022-01-21,89.75,87.88999938964844
2022-01-24,87.74,86.2699966430664
2022-01-25,89.49,88.19999694824219
2022-01-26,91.22,89.95999908447266
2022-01-27,90.7,89.33999633789062
2022-01-28,91.47,90.02999877929688
2022-01-31,92.35,91.20999908447266
2022-02-01,90.24,89.16000366210938
2022-02-02,91.43,89.47000122070312
2022-02-03,92.99,91.11000061035156
2022-02-04,96.86,93.2699966430664
2022-02-07,97.28,92.69000244140625
2022-02-08,96.07,90.77999877929688
2022-02-09,94.95,91.55000305175781
2022-02-10,96.37,91.41000366210938
2022-02-11,97.5,94.44000244140625
2022-02-14,101.66,96.4800033569336
2022-02-15,98.43,93.27999877929688
2022-02-16,97.44,94.80999755859375
2022-02-17,95.28,92.97000122070312
2022-02-18,96.18,93.54000091552734
2022-02-22,98.73,96.83999633789062
2022-02-23,99.29,96.83999633789062
2022-02-24,101.29,99.08000183105469
2022-02-25,98.56,97.93000030517578
2022-02-28,103.08,100.98999786376953
2022-03-01,110.93,104.97000122070312
2022-03-02,118.94,112.93000030517578
2022-03-03,115.36,110.45999908447266
2022-03-04,123.86,118.11000061035156
2022-03-07,129.02,123.20999908447266
2022-03-08,133.18,127.9800033569336
2022-03-09,116.58,111.13999938964844
2022-03-10,114.54,109.33000183105469
2022-03-11,118.11,112.66999816894531
2022-03-14,110.39,106.9000015258789
2022-03-15,105.14,99.91000366210938
2022-03-16,104.61,98.0199966430664
2022-03-17,113.5,106.63999938964844
2022-03-18,114.32,107.93000030517578
2022-03-21,122.29,115.62000274658203
2022-03-22,121.53,115.4800033569336
2022-03-23,127.52,121.5999984741211
2022-03-24,123.98,119.02999877929688
2022-03-25,122.67,120.6500015258789
2022-03-28,114.5,112.4800033569336
2022-03-29,112.79,110.2300033569336
2022-03-30,115.59,113.44999694824219
2022-03-31,107.29,107.91000366210938
2022-04-01,106.13,104.38999938964844
2022-04-04,108.15,107.52999877929688
2022-04-05,106.6,106.63999938964844
2022-04-06,100.81,101.06999969482422
2022-04-07,99.83,100.58000183105469
2022-04-08,101.26,102.77999877929688
2022-04-11,97.92,98.4800033569336
2022-04-12,104.42,104.63999938964844
2022-04-13,108.49,108.77999877929688
2022-04-14,110.83,111.69999694824219
2022-04-19,105.49,107.25
2022-04-20,105.05,106.80000305175781
2022-04-21,107.2,108.33000183105469
2022-04-22,105.15,106.6500015258789
2022-04-25,99.27,102.31999969482422
2022-04-26,102.89,104.98999786376953
2022-04-27,103.3,105.31999969482422
2022-04-28,105.78,107.58999633789062
2022-04-29,108.36,109.33999633789062
2022-05-03,104.94,104.97000122070312
2022-05-04,110.53,110.13999938964844
2022-05-05,112.11,110.9000015258789
2022-05-06,113.86,112.38999938964844
2022-05-09,106.67,105.94000244140625
2022-05-10,102.61,102.45999908447266
2022-05-11,107.7,107.51000213623047
2022-05-12,108.06,107.44999694824219
2022-05-13,112.12,111.55000305175781
2022-05-16,114.86,114.23999786376953
2022-05-17,112.89,111.93000030517578
2022-05-18,110.04,109.11000061035156
2022-05-19,113.22,112.04000091552734
2022-05-20,113.63,112.55000305175781
2022-05-23,115.13,113.41999816894531
2022-05-24,115.77,113.55999755859375
2022-05-25,116.41,114.02999877929688
2022-05-26,119.81,117.4000015258789
2022-05-27,121.19,119.43000030517578
2022-05-31,125.53,122.83999633789062
2022-06-01,122.2,116.29000091552734
2022-06-03,125.68,119.72000122070312
2022-06-06,124.99,119.51000213623047
2022-06-07,126.89,120.56999969482422
2022-06-08,129.2,123.58000183105469
2022-06-09,128.47,123.06999969482422
2022-06-10,127.44,122.01000213623047
2022-06-13,128.44,122.2699966430664
2022-06-14,127.02,121.16999816894531
2022-06-15,124.96,118.51000213623047
2022-06-16,125.78,119.80999755859375
2022-06-17,119.22,113.12000274658203
2022-06-21,118.51,114.6500015258789
2022-06-22,115.54,111.73999786376953
2022-06-23,114.5,110.05000305175781
2022-06-24,117.36,113.12000274658203
2022-06-27,119.69,115.08999633789062
2022-06-28,122.21,117.9800033569336
2022-06-29,120.8,116.26000213623047
2022-06-30,119.78,114.80999755859375
2022-07-01,119.21,111.62999725341797
2022-07-05,110.49,102.7699966430664
2022-07-06,108.54,100.69000244140625
2022-07-07,113.4,104.6500015258789
2022-07-08,113.95,107.0199966430664
2022-07-11,114.85,107.0999984741211
2022-07-12,106.98,99.48999786376953
2022-07-13,107.17,99.56999969482422
2022-07-14,107.74,99.0999984741211
2022-07-15,112.26,101.16000366210938
2022-07-18,117.27,106.2699966430664
2022-07-19,114.96,107.3499984741211
2022-07-20,115.86,106.91999816894531
2022-07-21,112.81,103.86000061035156
2022-07-22,106.77,103.19999694824219
2022-07-25,108.23,105.1500015258789
2022-07-26,107.32,104.4000015258789
2022-07-27,109.64,106.62000274658203
2022-07-28,109.68,107.13999938964844
2022-07-29,111.51,110.01000213623047
2022-08-01,106.09,100.02999877929688
2022-08-02,106.51,100.54000091552734
2022-08-03,101.82,96.77999877929688
2022-08-04,97.99,94.12000274658203
2022-08-05,100.31,94.91999816894531
2022-08-08,103.46,96.6500015258789
2022-08-09,103.81,96.30999755859375
2022-08-10,105.06,97.4000015258789
2022-08-11,107.19,99.5999984741211
2022-08-12,103.7,98.1500015258789
2022-08-15,98.25,95.0999984741211
2022-08-16,95.36,92.33999633789062
2022-08-17,97.22,93.6500015258789
2022-08-18,96.35,96.58999633789062
2022-08-19,96.45,96.72000122070312
2022-08-22,95.06,96.4800033569336
2022-08-23,99.49,100.22000122070312
2022-08-24,99.87,101.22000122070312
2022-08-25,98.81,99.33999633789062
2022-08-26,101.13,100.98999786376953
2022-08-30,99.34,99.30999755859375
2022-08-31,96.55,96.48999786376953
2022-09-01,92.24,92.36000061035156
2022-09-02,93.09,93.0199966430664
2022-09-06,91.43,92.83000183105469
2022-09-07,86.83,88.0
2022-09-08,87.99,89.1500015258789
2022-09-09,91.68,92.83999633789062
2022-09-12,93.45,94.0
2022-09-13,92.04,93.16999816894531
2022-09-14,92.83,94.0999984741211
2022-09-15,89.28,90.83999633789062
2022-09-16,89.43,91.3499984741211
2022-09-20,89.62,90.62000274658203
2022-09-21,89.86,89.83000183105469
2022-09-22,90.4,90.45999908447266
2022-09-23,84.29,86.1500015258789
2022-09-26,82.55,84.05999755859375
2022-09-27,85.97,86.2699966430664
2022-09-28,89.55,89.31999969482422
2022-09-29,89.41,88.48999786376953
2022-09-30,88.9,87.95999908447266
2022-10-03,90.68,88.86000061035156
2022-10-04,93.74,91.80000305175781
2022-10-05,94.35,93.37000274658203
2022-10-06,95.65,94.41999816894531
2022-10-07,98.88,97.91999816894531
2022-10-10,97.13,96.19000244140625
2022-10-11,95.17,94.29000091552734
2022-10-12,93.44,92.44999694824219
2022-10-13,95.16,94.56999969482422
2022-10-14,92.22,91.62999725341797
2022-10-17,91.04,91.62000274658203
2022-10-18,89.46,90.02999877929688
2022-10-19,91.34,92.41000366210938
2022-10-20,91.52,92.37999725341797
2022-10-21,91.82,93.5
2022-10-24,91.57,93.26000213623047
2022-10-25,91.76,93.5199966430664
2022-10-26,92.93,95.69000244140625
2022-10-27,94.17,96.95999908447266
2022-10-28,94.64,95.7699966430664
2022-10-31,93.3,94.83000183105469
2022-11-01,95.12,94.6500015258789
2022-11-02,96.07,96.16000366210938
2022-11-03,95.29,94.66999816894531
2022-11-04,99.53,98.56999969482422
2022-11-07,99.87,97.91999816894531
2022-11-08,96.85,95.36000061035156
2022-11-09,93.05,92.6500015258789
2022-11-10,94.25,93.66999816894531
2022-11-11,96.37,95.98999786376953
2022-11-14,93.59,93.13999938964844
2022-11-15,94.3,93.86000061035156
2022-11-16,92.61,92.86000061035156
2022-11-17,91.0,89.77999877929688
2022-11-18,88.93,87.62000274658203
2022-11-21,88.44,87.44999694824219
2022-11-22,88.65,88.36000061035156
2022-11-23,85.9,85.41000366210938
2022-11-25,83.4,83.62999725341797
2022-11-28,83.5,83.19000244140625
2022-11-29,83.22,83.02999877929688
2022-11-30,85.61,85.43000030517578
2022-12-01,86.28,86.87999725341797
2022-12-02,86.54,85.56999969482422
2022-12-05,83.36,82.68000030517578
2022-12-06,79.92,79.3499984741211
2022-12-07,77.11,77.16999816894531
2022-12-08,76.02,76.1500015258789
2022-12-09,76.37,76.0999984741211
2022-12-12,78.0,77.98999786376953
2022-12-13,80.14,80.68000030517578
2022-12-14,83.33,82.69999694824219
2022-12-15,82.34,81.20999908447266
2022-12-16,80.2,79.04000091552734
2022-12-19,81.66,79.80000305175781
2022-12-20,79.45,79.98999786376953
2022-12-21,80.25,82.19999694824219
2022-12-22,79.58,80.9800033569336
2022-12-23,82.45,83.91999816894531
2022-12-28,81.7,83.26000213623047
2022-12-29,80.96,82.26000213623047
2022-12-30,82.82,85.91000366210938
2023-01-03,80.36,82.0999984741211
2023-01-04,75.31,77.83999633789062
2023-01-05,76.73,78.69000244140625
2023-01-06,76.41,78.56999969482422
2023-01-09,77.5,79.6500015258789
2023-01-10,78.4,80.0999984741211
2023-01-11,81.11,82.66999816894531
2023-01-12,82.59,84.02999877929688
2023-01-13,83.43,85.27999877929688
2023-01-17,84.38,85.91999816894531
2023-01-18,83.78,84.9800033569336
2023-01-19,85.08,86.16000366210938
2023-01-20,86.96,87.62999725341797
2023-01-23,87.54,88.19000244140625
2023-01-24,85.25,86.12999725341797
2023-01-25,85.08,86.12000274658203
2023-01-26,86.29,87.47000122070312
2023-01-27,85.36,86.66000366210938
2023-01-30,84.9,84.9000015258789
2023-01-31,83.42,84.48999786376953
2023-02-01,81.61,82.83999633789062
2023-02-02,80.57,82.16999816894531
2023-02-03,78.85,79.94000244140625
2023-02-06,80.48,80.98999786376953
2023-02-07,82.92,83.69000244140625
2023-02-08,84.17,85.08999633789062
2023-02-09,83.46,84.5
2023-02-10,85.46,86.38999938964844
2023-02-13,85.98,86.61000061035156
2023-02-14,84.96,85.58000183105469
2023-02-15,84.11,85.37999725341797
2023-02-16,83.84,85.13999938964844
2023-02-17,81.97,83.0
2023-02-21,82.14,83.05000305175781
2023-02-22,79.55,80.5999984741211
2023-02-23,82.08,82.20999908447266
2023-02-24,82.31,83.16000366210938
2023-02-27,81.24,82.44999694824219
2023-02-28,83.21,83.88999938964844
2023-03-01,83.68,84.30999755859375
2023-03-02,84.15,84.75
2023-03-03,85.74,85.83000183105469
2023-03-06,85.86,86.18000030517578
2023-03-07,83.03,83.29000091552734
2023-03-08,82.1,82.66000366210938
2023-03-09,81.0,81.58999633789062
2023-03-10,82.3,82.77999877929688
2023-03-13,79.67,80.7699966430664
2023-03-14,76.77,77.44999694824219
2023-03-15,74.3,73.69000244140625
2023-03-16,73.12,74.69999694824219
2023-03-17,71.03,72.97000122070312
2023-03-20,72.42,73.79000091552734
2023-03-21,74.78,75.31999969482422
2023-03-22,76.08,76.69000244140625
2023-03-23,74.31,75.91000366210938
2023-03-24,73.63,74.98999786376953
2023-03-27,76.8,78.12000274658203
2023-03-28,78.07,78.6500015258789
2023-03-29,77.51,78.27999877929688
2023-03-30,78.45,79.2699966430664
2023-03-31,79.19,79.7699966430664
2023-04-03,85.81,84.93000030517578
2023-04-04,85.7,84.94000244140625
2023-04-05,85.89,84.98999786376953
2023-04-06,86.56,85.12000274658203
2023-04-11,87.32,85.61000061035156
2023-04-12,88.31,87.33000183105469
2023-04-13,86.51,86.08999633789062
2023-04-14,87.31,86.30999755859375
2023-04-17,85.63,84.76000213623047
2023-04-18,85.48,84.7699966430664
2023-04-19,85.34,83.12000274658203
2023-04-20,83.29,81.0999984741211
2023-04-21,83.36,81.66000366210938
2023-04-24,84.23,82.7300033569336
2023-04-25,82.13,80.7699966430664
2023-04-26,79.19,77.69000244140625
2023-04-27,80.11,78.37000274658203
2023-04-28,81.32,79.54000091552734
2023-05-02,76.71,75.31999969482422
2023-05-03,72.91,72.33000183105469
2023-05-04,73.0,72.5
2023-05-05,75.85,75.30000305175781
2023-05-09,77.76,77.44000244140625
2023-05-10,76.7,76.41000366210938
2023-05-11,75.32,74.9800033569336
2023-05-12,74.54,74.16999816894531
2023-05-15,75.46,75.2300033569336
2023-05-16,75.15,74.91000366210938
2023-05-17,76.98,76.95999908447266
2023-05-18,75.75,75.86000061035156
2023-05-19,75.42,75.58000183105469
2023-05-22,75.77,75.98999786376953
2023-05-23,76.66,76.83999633789062
2023-05-24,77.99,78.36000061035156
2023-05-25,75.66,76.26000213623047
2023-05-26,76.33,76.94999694824219
2023-05-30,73.38,73.54000091552734
2023-05-31,71.98,72.66000366210938
2023-06-01,74.18,74.27999877929688
2023-06-02,76.0,76.12999725341797
2023-06-05,76.61,76.70999908447266
2023-06-06,76.22,76.29000091552734
2023-06-07,76.85,76.94999694824219
2023-06-08,75.88,75.95999908447266
2023-06-09,74.74,74.79000091552734
2023-06-12,71.8,71.83999633789062
2023-06-13,74.24,74.29000091552734
2023-06-14,73.39,73.19999694824219
2023-06-15,75.75,75.66999816894531
2023-06-16,76.76,76.61000061035156
2023-06-20,75.79,75.9000015258789
2023-06-21,76.92,77.12000274658203
2023-06-22,73.93,74.13999938964844
2023-06-23,73.56,73.8499984741211
2023-06-26,73.86,74.18000030517578
2023-06-27,71.88,72.26000213623047
2023-06-28,73.64,74.02999877929688
2023-06-29,73.86,74.33999633789062
2023-06-30,74.51,74.9000015258789
2023-07-03,74.52,74.6500015258789
2023-07-05,76.74,76.6500015258789
2023-07-06,76.72,76.5199966430664
2023-07-07,78.77,78.47000122070312
2023-07-10,77.83,77.69000244140625
2023-07-11,79.54,79.4000015258789
2023-07-12,80.35,80.11000061035156
2023-07-13,81.31,81.36000061035156
2023-07-14,79.9,79.87000274658203
2023-07-17,77.8,78.5
2023-07-18,79.54,79.62999725341797
2023-07-19,79.38,79.45999908447266
2023-07-20,79.62,79.63999938964844
2023-07-21,81.06,81.06999969482422
2023-07-24,82.53,82.73999786376953
2023-07-25,83.46,83.63999938964844
2023-07-26,82.98,82.91999816894531
2023-07-27,84.28,84.23999786376953
2023-07-28,84.49,84.98999786376953
2023-07-31,85.22,85.55999755859375
2023-08-01,85.34,84.91000366210938
2023-08-02,84.01,83.19999694824219
2023-08-03,86.19,85.13999938964844
2023-08-04,87.38,86.23999786376953
2023-08-07,86.47,85.33999633789062
2023-08-08,88.0,86.16999816894531
2023-08-09,89.31,87.55000305175781
2023-08-10,87.44,86.4000015258789
2023-08-11,87.93,86.80999755859375
2023-08-14,87.4,86.20999908447266
2023-08-15,86.28,84.88999938964844
2023-08-16,84.49,83.44999694824219
2023-08-17,85.24,84.12000274658203
2023-08-18,85.92,84.80000305175781
2023-08-21,85.44,84.45999908447266
2023-08-22,84.7,84.02999877929688
2023-08-23,83.94,83.20999908447266
2023-08-24,84.07,83.36000061035156
2023-08-25,85.42,84.4800033569336
2023-08-29,86.37,85.48999786376953
2023-08-30,86.62,85.86000061035156
2023-08-31,87.29,86.86000061035156
2023-09-01,89.98,88.55000305175781
2023-09-05,91.25,90.04000091552734
2023-09-06,91.79,90.5999984741211
2023-09-07,91.16,89.91999816894531
2023-09-08,91.85,90.6500015258789
2023-09-11,91.97,90.63999938964844
2023-09-12,93.58,92.05999755859375
2023-09-13,93.04,91.87999725341797
2023-09-14,95.2,93.69999694824219
2023-09-15,95.55,93.93000030517578
2023-09-18,95.95,94.43000030517578
2023-09-19,96.11,94.33999633789062
2023-09-20,94.56,93.52999877929688
2023-09-21,93.7,93.30000305175781
2023-09-22,93.99,93.2699966430664
2023-09-25,94.01,93.29000091552734
2023-09-26,94.46,93.95999908447266
2023-09-27,97.1,96.55000305175781
2023-09-28,96.64,95.37999725341797
2023-09-29,95.86,95.30999755859375
2023-10-02,91.21,90.70999908447266
2023-10-03,94.46,90.91999816894531
2023-10-04,89.83,85.80999755859375
2023-10-05,88.28,84.06999969482422
2023-10-06,87.86,84.58000183105469
2023-10-09,91.37,88.1500015258789
2023-10-10,90.7,87.6500015258789
2023-10-11,87.58,85.81999969482422
2023-10-12,88.4,86.0
2023-10-13,94.33,90.88999938964844
2023-10-16,90.99,89.6500015258789
2023-10-17,92.52,89.9000015258789
2023-10-18,91.99,91.5
2023-10-19,93.12,92.37999725341797
2023-10-20,93.72,92.16000366210938
2023-10-23,91.88,89.83000183105469
2023-10-24,88.0,88.06999969482422
2023-10-25,90.14,90.12999725341797
2023-10-26,88.45,87.93000030517578
2023-10-27,90.73,90.4800033569336
2023-10-30,90.73,87.44999694824219
2023-10-31,86.82,87.41000366210938
2023-11-01,86.92,84.62999725341797
2023-11-02,89.02,86.8499984741211
2023-11-03,87.55,84.88999938964844
2023-11-06,87.31,85.18000030517578
2023-11-07,83.43,81.61000061035156
2023-11-08,81.46,79.54000091552734
2023-11-09,81.74,80.01000213623047
2023-11-10,83.66,81.43000030517578
2023-11-13,84.09,82.5199966430664
2023-11-14,84.2,82.47000122070312
2023-11-15,82.4,81.18000030517578
2023-11-16,77.73,77.41999816894531
2023-11-17,81.22,80.61000061035156
2023-11-20,83.25,82.31999969482422
2023-11-21,82.42,82.44999694824219
2023-11-22,81.76,81.95999908447266
2023-11-23,80.85,81.37000274658203
2023-11-24,79.82,80.58000183105469
2023-11-27,79.49,79.9800033569336
2023-11-28,81.66,81.68000030517578
2023-11-29,82.98,83.0999984741211
2023-11-30,81.72,82.83000183105469
2023-12-01,78.72,78.87999725341797
2023-12-04,78.16,78.02999877929688
2023-12-05,77.27,77.19999694824219
2023-12-06,74.33,74.30000305175781
2023-12-07,74.21,74.05000305175781
2023-12-08,75.94,75.83999633789062
2023-12-11,75.75,76.02999877929688
2023-12-12,74.11,73.23999786376953
2023-12-13,74.14,74.26000213623047
2023-12-14,77.05,76.61000061035156
2023-12-15,76.84,76.55000305175781
2023-12-18,78.89,77.94999694824219
2023-12-19,79.82,79.2300033569336
2023-12-20,81.1,79.69999694824219
2023-12-21,80.73,79.38999938964844
2023-12-22,80.23,79.06999969482422
2023-12-27,80.97,79.6500015258789
2023-12-28,79.04,78.38999938964844
2023-12-29,77.69,77.04000091552734
2024-01-02,76.24,75.88999938964844
2024-01-03,77.18,78.25
2024-01-04,75.79,77.58999633789062
2024-01-05,78.31,78.76000213623047
2024-01-08,75.47,76.12000274658203
2024-01-09,77.97,77.58999633789062
2024-01-10,78.46,76.80000305175781
2024-01-11,80.21,77.41000366210938
2024-01-12,79.89,78.29000091552734
2024-01-16,80.15,78.29000091552734
2024-01-17,78.88,77.87999725341797
2024-01-18,81.04,79.0999984741211
2024-01-19,80.71,78.55999755859375
2024-01-22,81.7,80.05999755859375
2024-01-23,82.04,79.55000305175781
2024-01-24,82.15,80.04000091552734
2024-01-25,82.33,82.43000030517578
2024-01-26,83.34,83.55000305175781
2024-01-29,83.99,82.4000015258789
2024-01-30,84.14,82.87000274658203
2024-01-31,82.98,81.70999908447266
2024-02-01,82.2,78.69999694824219
2024-02-02,79.54,77.33000183105469
2024-02-05,79.3,77.98999786376953
2024-02-06,80.46,78.58999633789062
2024-02-07,81.18,79.20999908447266
2024-02-08,83.01,81.62999725341797
2024-02-09,83.58,82.19000244140625
2024-02-12,83.88,82.0
2024-02-13,84.72,82.7699966430664
2024-02-14,84.41,81.5999984741211
2024-02-15,84.33,82.86000061035156
2024-02-16,84.88,83.47000122070312
2024-02-20,84.78,82.33999633789062
2024-02-21,84.77,83.02999877929688
2024-02-22,85.84,83.66999816894531
2024-02-23,84.18,81.62000274658203
2024-02-26,84.01,82.52999877929688
2024-02-27,83.8,83.6500015258789
2024-02-28,84.08,83.68000030517578
2024-02-29,84.57,83.62000274658203
2024-03-01,84.82,83.55000305175781
2024-03-04,86.58,82.80000305175781
2024-03-05,85.82,82.04000091552734
2024-03-06,86.59,82.95999908447266
2024-03-07,84.88,82.95999908447266
2024-03-08,84.29,82.08000183105469
2024-03-11,83.44,82.20999908447266
2024-03-12,83.66,81.91999816894531
2024-03-13,83.95,84.02999877929688
2024-03-14,86.16,85.41999816894531
2024-03-15,85.39,85.33999633789062
2024-03-18,86.47,86.88999938964844
2024-03-19,87.36,87.37999725341797
2024-03-20,85.77,85.94999694824219
2024-03-21,84.92,85.77999877929688
2024-03-22,84.87,85.43000030517578
2024-03-25,86.18,86.75
2024-03-26,85.91,86.25
2024-03-27,84.94,86.08999633789062
2024-03-28,86.17,87.4800033569336
2024-04-02,87.63,88.91999816894531
2024-04-03,90.6,89.3499984741211
2024-04-04,90.32,90.6500015258789
2024-04-05,92.81,91.16999816894531
2024-04-08,91.73,90.37999725341797
2024-04-09,92.13,89.41999816894531
2024-04-10,91.57,90.4800033569336
2024-04-11,91.49,89.73999786376953
2024-04-12,93.12,90.44999694824219
2024-04-15,90.84,90.0999984741211
2024-04-16,91.29,90.0199966430664
2024-04-17,89.54,87.29000091552734
2024-04-18,88.34,87.11000061035156
2024-04-19,87.96,87.29000091552734
2024-04-22,87.3,87.0
2024-04-23,88.29,88.41999816894531
2024-04-24,89.02,88.0199966430664
2024-04-25,88.1,89.01000213623047
2024-04-26,89.95,89.5
2024-04-29,88.44,88.4000015258789
2024-04-30,88.23,87.86000061035156
2024-05-01,83.55,83.44000244140625
2024-05-02,84.81,83.66999816894531
2024-05-03,83.6,82.95999908447266
2024-05-07,82.69,83.16000366210938
2024-05-08,82.44,83.58000183105469
2024-05-09,83.27,83.87999725341797
2024-05-10,83.39,82.79000091552734
2024-05-13,83.18,83.36000061035156
2024-05-14,81.0,82.37999725341797
2024-05-15,79.98,82.75
2024-05-16,81.65,83.2699966430664
2024-05-17,82.24,83.9800033569336
2024-05-20,81.91,83.70999908447266
2024-05-21,81.22,82.87999725341797
2024-05-22,79.9,81.9000015258789
2024-05-23,79.25,81.36000061035156
2024-05-24,78.92,82.12000274658203
2024-05-28,81.34,84.22000122070312
2024-05-29,81.5,83.5999984741211
2024-05-30,81.42,81.86000061035156
2024-05-31,79.41,81.62000274658203
2024-06-03,76.45,78.36000061035156
2024-06-04,75.33,77.5199966430664
2024-06-05,75.41,78.41000366210938
2024-06-06,77.62,79.87000274658203
2024-06-07,78.12,79.62000274658203
2024-06-10,79.59,81.62999725341797
2024-06-11,80.15,81.91999816894531
2024-06-12,80.52,82.5999984741211
2024-06-13,81.44,82.75
2024-06-14,81.49,82.62000274658203
2024-06-17,82.45,84.25
2024-06-18,84.79,85.33000183105469
2024-06-20,85.92,85.70999908447266
2024-06-21,86.42,85.23999786376953
2024-06-24,86.75,86.01000213623047
2024-06-25,86.81,85.01000213623047
2024-06-26,85.76,85.25
2024-06-27,87.0,86.38999938964844
2024-06-28,87.26,86.41000366210938
2024-07-01,86.57,86.5999984741211
2024-07-02,88.28,86.23999786376953
2024-07-03,88.25,87.33999633789062
2024-07-05,88.66,86.54000091552734
2024-07-08,87.15,85.75
2024-07-09,86.48,84.66000366210938
2024-07-10,86.55,85.08000183105469
2024-07-11,86.49,85.4000015258789
2024-07-12,87.35,85.02999877929688
2024-07-15,86.42,84.8499984741211
2024-07-16,86.6,83.7300033569336
2024-07-17,85.76,85.08000183105469
2024-07-18,86.26,85.11000061035156
2024-07-19,85.19,82.62999725341797
2024-07-22,83.44,82.4000015258789
2024-07-23,82.2,81.01000213623047
2024-07-24,83.01,81.70999908447266
2024-07-25,82.58,82.37000274658203
2024-07-26,81.35,81.12999725341797
2024-07-29,80.94,79.77999877929688
2024-07-30,79.26,78.62999725341797
2024-07-31,81.39,80.72000122070312
2024-08-01,81.37,79.5199966430664
2024-08-02,78.35,76.80999755859375
2024-08-05,77.51,76.30000305175781
2024-08-06,76.62,76.4800033569336
2024-08-07,78.26,78.33000183105469
2024-08-08,80.76,79.16000366210938
2024-08-09,81.07,79.66000366210938
2024-08-12,83.06,82.30000305175781
2024-08-13,82.51,80.69000244140625
2024-08-14,82.15,79.76000213623047
2024-08-15,83.09,81.04000091552734
2024-08-16,81.56,79.68000030517578
2024-08-19,81.09,77.66000366210938
2024-08-20,78.85,77.19999694824219
2024-08-21,78.77,76.05000305175781
2024-08-22,78.8,77.22000122070312
2024-08-23,80.34,79.0199966430664
2024-08-27,81.51,79.55000305175781
2024-08-28,80.04,78.6500015258789
2024-08-29,81.55,79.94000244140625
2024-08-30,80.2,78.80000305175781
2024-09-03,76.46,73.75
2024-09-04,74.67,72.69999694824219
2024-09-05,74.47,72.69000244140625
2024-09-06,72.82,71.05999755859375
2024-09-09,72.37,71.83999633789062
2024-09-10,70.34,69.19000244140625
2024-09-11,70.31,70.61000061035156
2024-09-12,73.81,71.97000122070312
2024-09-13,73.68,71.61000061035156
2024-09-16,73.96,72.75
2024-09-17,74.55,73.69999694824219
2024-09-18,74.52,73.6500015258789
2024-09-19,75.93,74.87999725341797
2024-09-20,75.96,74.48999786376953
2024-09-23,74.95,73.9000015258789
2024-09-24,75.29,75.16999816894531
2024-09-25,75.4,73.45999908447266
2024-09-26,73.06,71.5999984741211
2024-09-27,71.63,71.9800033569336
2024-09-30,72.35,71.7699966430664
2024-10-01,75.3,73.55999755859375
2024-10-02,74.86,73.9000015258789
2024-10-03,77.57,77.62000274658203
2024-10-04,79.32,78.05000305175781
2024-10-07,81.74,80.93000030517578
2024-10-08,78.19,77.18000030517578
2024-10-09,77.06,76.58000183105469
2024-10-10,79.45,79.4000015258789
2024-10-11,80.27,79.04000091552734
2024-10-14,78.47,77.45999908447266
2024-10-15,73.68,74.25
2024-10-16,73.65,74.22000122070312
2024-10-17,74.37,74.44999694824219
2024-10-18,72.75,73.05999755859375
2024-10-21,73.29,74.29000091552734
2024-10-22,75.59,76.04000091552734
2024-10-23,74.68,74.95999908447266
2024-10-24,74.27,74.37999725341797
2024-10-25,75.62,76.05000305175781
2024-10-28,71.87,71.41999816894531
2024-10-29,71.09,71.12000274658203
2024-10-30,73.21,72.55000305175781
2024-10-31,73.25,73.16000366210938
2024-11-01,73.63,73.0999984741211
2024-11-04,74.89,75.08000183105469
2024-11-05,76.98,75.52999877929688
2024-11-06,76.52,74.91999816894531
2024-11-07,75.73,75.62999725341797
2024-11-08,74.04,73.87000274658203
2024-11-11,72.19,71.83000183105469
2024-11-12,72.56,71.88999938964844
2024-11-13,72.86,72.27999877929688
2024-11-14,73.39,72.55999755859375
2024-11-15,73.45,71.04000091552734
2024-11-18,74.35,73.30000305175781
2024-11-19,74.32,73.30999755859375
2024-11-20,74.33,72.80999755859375
2024-11-21,75.09,74.2300033569336
2024-11-22,76.1,75.16999816894531
2024-11-25,74.27,73.01000213623047
2024-11-26,74.56,72.80999755859375
2024-11-27,73.91,72.83000183105469
2024-11-29,74.16,72.94000244140625
2024-12-02,72.81,71.83000183105469
2024-12-03,74.8,73.62000274658203
2024-12-04,74.68,72.30999755859375
2024-12-05,73.78,72.08999633789062
2024-12-06,73.78,71.12000274658203
2024-12-09,73.73,72.13999938964844
2024-12-10,73.64,72.19000244140625
2024-12-11,74.38,73.5199966430664
2024-12-12,73.52,73.41000366210938
2024-12-13,74.89,74.48999786376953
2024-12-16,74.3,73.91000366210938
2024-12-17,73.16,73.19000244140625
2024-12-18,74.57,73.38999938964844
2024-12-19,73.75,72.87999725341797
2024-12-20,73.19,72.94000244140625
2024-12-23,72.12,72.62999725341797
2024-12-24,73.5,73.58000183105469
2024-12-27,73.77,74.16999816894531
2024-12-30,74.24,74.38999938964844
