date,open,high,low,close,volume,average
2024-04-04,81.44,81.44,81.44,81.44,0.0,81.44
2024-04-05,81.6,81.6,81.53,81.53,3.0,81.6
2024-04-08,80.9,81.21,80.9,81.21,5.0,80.992
2024-04-09,80.81,80.81,80.65,80.67,20.0,80.689
2024-04-10,81.26,81.26,81.26,81.26,0.0,81.26
2024-04-11,81.13,81.13,81.13,81.13,0.0,81.13
2024-04-12,82.67,82.67,81.74,81.74,5.0,82.516
2024-04-15,81.13,81.74,81.13,81.74,3.0,81.13
2024-04-16,81.67,81.91,81.67,81.91,1.0,81.67
2024-04-17,80.1,80.1,80.1,80.1,0.0,80.1
2024-04-18,79.9,79.9,79.9,79.9,0.0,79.9
2024-04-19,79.66,79.66,79.66,79.66,0.0,79.66
2024-04-22,79.09,79.32,79.09,79.32,1.0,79.09
2024-04-23,79.6,80.19,79.6,80.19,3.0,79.6
2024-04-24,80.01,80.25,79.99,80.25,17.0,80.035
2024-04-25,80.64,80.64,80.64,80.64,0.0,80.64
2024-04-26,81.03,81.03,81.03,81.03,0.0,81.03
2024-04-29,80.59,80.59,80.43,80.43,2.0,80.585
2024-04-30,79.91,79.91,79.91,79.91,0.0,79.91
2024-05-01,77.77,77.77,77.57,77.62,19.0,77.615
2024-05-02,77.95,78.04,77.95,78.04,15.0,77.95
2024-05-03,77.93,77.93,77.93,77.93,0.0,77.93
2024-05-06,78.2,78.38,78.2,78.38,8.0,78.2
2024-05-07,78.4,78.45,78.27,78.27,36.0,78.445
2024-05-08,78.0,78.16,77.94,78.16,47.0,78.08
2024-05-09,78.12,78.41,78.12,78.41,1.0,78.12
2024-05-10,78.78,78.78,77.69,77.69,33.0,77.819
2024-05-13,78.17,78.17,78.17,78.17,0.0,78.17
2024-05-14,77.55,77.65,77.55,77.65,2.0,77.55
2024-05-15,76.89,77.93,76.89,77.87,25.0,77.262
2024-05-16,78.5,78.55,78.21,78.37,26.0,78.368
2024-05-17,78.93,79.0,78.93,79.0,3.0,78.93
2024-05-20,79.2,79.2,78.75,79.1,46.0,79.049
2024-05-21,78.84,78.92,78.3,78.58,87.0,78.585
2024-05-22,77.97,77.97,77.45,77.54,31.0,77.493
2024-05-23,78.06,78.06,76.82,77.12,25.0,77.301
2024-05-24,77.73,77.73,77.56,77.56,6.0,77.73
2024-05-28,79.32,79.32,79.32,79.32,0.0,79.32
2024-05-29,79.02,79.02,78.9,78.9,120.0,78.95
2024-05-30,78.78,79.09,78.05,78.05,109.0,78.838
2024-05-31,77.9,77.9,77.9,77.9,4.0,77.9
2024-06-03,77.51,77.51,75.73,75.86,91.0,76.429
2024-06-04,74.76,74.99,74.76,74.85,11.0,74.863
2024-06-05,74.9,75.02,74.55,75.02,18.0,74.857
2024-06-06,75.45,76.11,75.45,76.09,7.0,75.91
2024-06-07,76.42,76.42,76.13,76.39,88.0,76.249
2024-06-10,76.76,76.76,76.76,76.76,2.0,76.76
2024-06-11,78.17,78.17,78.1,78.1,6.0,78.12
2024-06-12,78.1,78.48,78.07,78.33,81.0,78.421
2024-06-13,78.54,78.54,78.54,78.54,0.0,78.54
2024-06-14,78.24,78.24,78.24,78.24,1.0,78.24
2024-06-17,78.7,78.7,78.7,78.7,0.0,78.7
2024-06-18,79.52,79.52,79.5,79.5,30.0,79.505
2024-06-20,80.02,80.02,80.02,80.02,0.0,80.02
2024-06-21,79.34,79.34,79.34,79.34,4.0,79.34
2024-06-24,80.35,80.35,80.35,80.35,15.0,80.35
2024-06-25,80.33,80.47,80.0,80.0,50.0,80.347
2024-06-26,80.2,80.2,80.2,80.2,0.0,80.2
2024-06-27,80.55,80.55,80.26,80.38,11.0,80.433
2024-06-28,80.12,80.12,80.12,80.12,0.0,80.12
2024-07-01,81.17,81.23,81.08,81.08,20.0,81.168
2024-07-02,81.44,81.44,81.44,81.44,2.0,81.44
2024-07-05,82.16,82.16,81.46,81.8,4.0,81.805
2024-07-08,80.94,81.01,80.88,81.0,44.0,80.97
2024-07-09,80.77,80.77,80.09,80.09,30.0,80.43
2024-07-10,80.36,80.36,79.97,79.97,3.0,80.1
2024-07-11,80.0,80.05,80.0,80.05,16.0,80.003
2024-07-12,79.99,79.99,79.88,79.88,2.0,79.935
2024-07-15,79.72,79.72,79.72,79.72,16.0,79.72
2024-07-16,78.61,79.17,78.6,79.11,42.0,78.755
2024-07-17,79.5,79.56,79.42,79.54,10.0,79.513
2024-07-19,79.23,79.32,77.68,77.68,28.0,78.145
2024-07-22,77.41,77.41,77.41,77.41,0.0,77.41
2024-07-23,77.19,77.26,76.53,76.92,39.0,76.844
2024-07-24,76.94,77.5,76.94,77.3,25.0,77.213
2024-07-25,76.64,77.65,76.64,77.65,7.0,77.311
2024-07-26,76.97,77.12,76.15,76.9,26.0,76.867
2024-07-29,76.6,76.6,75.8,76.11,77.0,76.136
2024-07-30,75.55,75.68,75.47,75.5,15.0,75.627
2024-07-31,77.2,78.0,77.2,77.6,18.0,77.894
2024-08-01,78.02,78.02,76.6,76.61,28.0,76.793
2024-08-02,74.93,74.93,74.12,74.12,33.0,74.889
2024-08-05,73.71,74.82,73.62,74.08,38.0,74.033
2024-08-06,73.67,74.35,73.67,73.93,36.0,74.103
2024-08-07,74.76,75.34,74.74,75.17,13.0,75.147
2024-08-08,75.04,75.95,75.04,75.94,30.0,75.81
2024-08-09,75.78,76.38,75.69,76.33,67.0,76.139
2024-08-12,77.08,78.34,77.08,78.34,102.0,77.699
2024-08-13,77.67,77.67,77.06,77.2,44.0,77.234
2024-08-14,77.2,77.24,76.54,76.61,97.0,76.926
2024-08-15,77.2,77.73,77.2,77.47,45.0,77.582
2024-08-16,76.49,76.68,76.22,76.31,35.0,76.444
2024-08-19,76.54,76.54,74.88,75.03,70.0,75.297
2024-08-20,75.24,75.3,74.35,74.4,89.0,74.666
2024-08-21,74.7,75.05,73.25,73.53,125.0,73.888
2024-08-22,73.72,74.64,73.72,74.28,36.0,74.13
2024-08-23,75.14,75.78,75.14,75.63,82.0,75.466
2024-08-26,77.25,77.33,76.88,77.12,74.0,77.086
2024-08-27,76.76,76.76,75.76,75.85,190.0,76.107
2024-08-28,74.98,75.58,74.62,74.82,53.0,75.105
2024-08-29,75.79,76.16,75.44,75.85,93.0,75.828
2024-08-30,74.58,74.64,74.09,74.43,75.0,74.423
2024-09-03,72.37,72.48,71.72,71.79,129.0,72.091
2024-09-04,71.57,72.16,70.82,71.03,153.0,71.505
2024-09-05,71.67,72.33,71.14,71.43,306.0,71.651
2024-09-06,71.98,71.98,69.88,70.46,273.0,70.457
2024-09-09,69.76,70.73,69.76,70.54,247.0,70.388
2024-09-10,70.29,70.29,67.87,68.62,240.0,68.8
2024-09-11,68.98,69.64,68.21,69.34,134.0,69.033
2024-09-12,70.03,71.21,69.6,70.74,109.0,70.58
2024-09-13,71.09,71.36,70.08,70.55,141.0,70.579
2024-09-16,71.28,71.56,70.91,71.33,88.0,71.24
2024-09-17,71.32,72.35,71.32,71.89,125.0,71.856
2024-09-18,71.41,72.04,71.18,71.18,125.0,71.706
2024-09-19,72.15,72.88,71.94,72.56,213.0,72.543
2024-09-20,72.27,72.61,71.94,72.57,205.0,72.3
2024-09-23,72.99,73.07,71.31,72.37,175.0,72.236
2024-09-24,73.41,73.43,72.82,73.24,183.0,73.125
2024-09-25,72.8,73.09,71.74,72.13,266.0,72.316
2024-09-26,70.21,71.13,69.95,70.35,659.0,70.652
2024-09-27,70.0,71.13,69.9,71.13,421.0,70.594
2024-09-30,70.96,71.67,70.64,71.16,275.0,71.095
2024-10-01,70.76,73.96,70.74,73.11,1385.0,72.784
2024-10-02,74.2,74.46,72.39,73.3,295.0,73.285
2024-10-03,74.17,75.82,73.92,75.45,854.0,75.197
2024-10-04,75.93,76.44,75.4,75.78,517.0,75.961
2024-10-07,76.72,78.35,76.65,78.22,721.0,77.688
2024-10-08,76.44,76.55,74.84,75.78,387.0,75.553
2024-10-09,74.22,75.02,73.79,74.92,247.0,74.551
2024-10-10,75.61,77.12,75.61,76.67,268.0,76.563
2024-10-11,76.59,77.04,76.5,76.99,70.0,76.788
2024-10-14,75.2,76.06,74.13,74.15,79.0,75.534
2024-10-15,72.8,73.13,72.38,73.13,63.0,72.621
2024-10-16,72.71,72.79,71.96,72.62,76.0,72.335
2024-10-17,72.49,72.86,71.8,72.4,105.0,72.414
2024-10-18,71.94,72.07,71.17,71.78,289.0,71.662
2024-10-21,72.8,73.01,72.25,72.62,186.0,72.707
2024-10-22,73.37,74.42,73.37,73.78,261.0,74.0
2024-10-23,73.59,73.69,73.17,73.37,83.0,73.4
2024-10-24,73.74,73.74,72.61,73.14,97.0,73.009
2024-10-25,73.9,74.36,73.74,74.24,118.0,74.084
2024-10-28,70.55,70.94,70.15,70.72,181.0,70.516
2024-10-29,70.17,70.42,69.58,70.02,146.0,69.935
2024-10-30,71.05,71.68,70.91,71.66,91.0,71.302
2024-10-31,71.74,72.9,71.74,72.82,237.0,72.546
2024-11-01,73.13,73.13,71.86,71.86,134.0,72.434
2024-11-04,73.62,73.89,73.08,73.78,217.0,73.507
2024-11-05,74.34,74.68,73.77,74.11,141.0,74.386
2024-11-06,72.84,74.45,72.84,73.92,241.0,73.815
2024-11-07,73.48,74.61,73.19,74.46,301.0,73.837
2024-11-08,73.47,73.52,72.52,73.01,136.0,72.894
2024-11-11,71.32,71.5,70.95,71.26,216.0,71.2
2024-11-12,71.95,71.96,70.91,71.07,147.0,71.369
2024-11-13,70.34,71.54,70.03,70.93,216.0,70.989
2024-11-14,71.91,72.07,71.02,71.44,94.0,71.359
2024-11-15,71.0,71.41,70.02,70.23,246.0,70.407
2024-11-18,71.39,72.36,71.29,72.19,149.0,71.92
2024-11-19,72.83,72.92,71.78,72.29,269.0,72.298
2024-11-20,72.4,72.65,71.78,72.08,90.0,72.009
2024-11-21,72.87,72.89,72.29,72.82,161.0,72.573
2024-11-22,72.51,73.71,72.51,73.45,188.0,73.194
2024-11-25,72.2,72.54,71.48,71.69,175.0,71.831
2024-11-26,71.88,72.72,70.92,71.55,255.0,71.778
2024-11-27,71.76,71.81,70.84,71.34,180.0,71.423
2024-11-29,71.97,72.22,71.36,71.4,55.0,71.78
2024-12-02,71.77,71.77,70.77,71.06,232.0,71.143
2024-12-03,71.88,72.73,71.61,72.53,305.0,72.363
2024-12-04,72.52,72.8,71.23,71.4,439.0,71.914
2024-12-05,71.71,71.73,70.94,71.12,136.0,71.237
2024-12-06,70.29,70.58,69.96,70.21,153.0,70.251
2024-12-09,71.16,71.71,71.04,71.04,368.0,71.449
2024-12-10,71.2,71.75,71.08,71.16,124.0,71.47
2024-12-11,71.98,72.51,71.62,72.31,369.0,72.199
2024-12-12,71.98,72.58,71.41,72.35,313.0,72.018
2024-12-13,72.76,73.29,72.66,73.06,182.0,73.044
2024-12-16,72.81,73.05,72.54,72.69,109.0,72.758
2024-12-17,71.97,72.19,71.52,72.19,125.0,71.811
2024-12-18,72.38,72.95,71.62,71.66,293.0,72.572
2024-12-19,72.45,72.45,71.32,71.33,180.0,71.67
2024-12-20,70.93,71.74,70.76,71.59,152.0,71.275
2024-12-23,71.51,71.51,70.92,71.49,95.0,71.151
2024-12-24,72.04,72.38,71.88,72.14,201.0,72.147
2024-12-26,72.48,72.55,71.62,71.81,112.0,72.163
2024-12-27,72.46,72.73,72.16,72.28,287.0,72.461
2024-12-30,73.07,73.29,72.78,73.03,98.0,73.117
2024-12-31,73.37,73.75,73.14,73.59,211.0,73.53
2025-01-02,74.65,75.15,74.55,74.58,486.0,74.806
2025-01-03,74.84,75.21,74.65,75.11,312.0,74.992
2025-01-06,75.54,75.88,74.52,74.78,411.0,75.073
2025-01-07,75.51,75.66,75.12,75.47,365.0,75.448
2025-01-08,75.59,75.6,74.54,74.73,298.0,74.96
2025-01-09,75.13,75.57,75.04,75.46,168.0,75.341
2025-01-10,78.09,78.11,76.38,77.18,627.0,77.101
2025-01-13,77.6,78.07,77.34,77.47,512.0,77.695
2025-01-14,77.3,77.44,76.85,77.41,289.0,77.214
2025-01-15,77.6,78.95,77.58,78.77,544.0,78.296
2025-01-16,77.93,77.97,77.1,77.74,981.0,77.596
2025-01-17,77.2,77.82,77.2,77.4,609.0,77.48
2025-01-21,76.58,77.09,76.54,76.91,451.0,76.825
2025-01-22,76.58,77.14,76.52,76.6,699.0,76.774
2025-01-23,76.97,77.31,75.92,76.02,775.0,76.452
2025-01-24,76.51,76.55,75.73,76.1,333.0,76.047
2025-01-27,75.75,75.86,74.15,74.67,304.0,74.786
2025-01-28,75.16,75.16,74.38,74.84,326.0,74.757
2025-01-29,74.28,74.86,73.88,74.3,236.0,74.408
2025-01-30,74.35,74.88,74.35,74.68,89.0,74.537
2025-01-31,74.45,74.94,73.83,74.87,250.0,74.323
2025-02-03,74.62,74.79,73.77,74.17,406.0,74.218
2025-02-04,73.08,75.23,73.07,74.72,389.0,74.653
2025-02-05,74.15,74.3,73.52,73.57,155.0,73.71
2025-02-06,73.91,74.01,73.23,73.28,54.0,73.548
2025-02-07,73.96,74.01,73.5,73.97,97.0,73.741
2025-02-10,74.62,75.09,74.47,75.04,130.0,74.933
2025-02-11,75.81,76.17,75.52,75.94,128.0,75.823
2025-02-12,75.29,75.44,74.35,74.39,245.0,74.624
2025-02-13,73.8,74.34,73.76,74.25,131.0,74.124
2025-02-14,74.55,74.67,73.96,74.02,166.0,74.173
2025-02-18,74.8,75.0,74.62,74.93,56.0,74.833
2025-02-19,75.55,75.55,75.14,75.28,39.0,75.334
2025-02-20,75.71,76.21,75.53,75.62,398.0,75.829
2025-02-21,74.69,74.83,73.42,73.46,701.0,74.112
2025-02-24,73.78,74.06,73.61,73.95,318.0,73.867
2025-02-25,73.49,73.49,71.84,72.17,672.0,72.353
2025-02-26,71.84,72.11,71.48,71.8,902.0,71.782
2025-02-27,72.65,73.22,72.4,72.79,951.0,72.857
2025-02-28,72.19,72.72,71.85,72.53,1397.0,72.356
2025-03-03,72.72,72.86,70.73,71.03,3088.0,71.388
2025-03-04,70.2,70.81,69.35,70.7,2235.0,70.094
2025-03-05,69.08,69.16,67.96,68.98,2227.0,68.636
2025-03-06,68.88,69.36,68.34,68.95,2924.0,68.827
2025-03-07,70.35,70.86,69.57,69.88,2662.0,70.103
2025-03-10,69.83,69.94,68.55,68.68,1981.0,69.232
2025-03-11,69.53,69.86,68.86,69.36,1674.0,69.36
2025-03-12,69.97,70.56,69.7,70.44,1855.0,70.249
2025-03-13,69.82,70.13,69.2,69.58,2701.0,69.635
2025-03-14,69.62,70.12,69.45,70.07,1749.0,69.796
2025-03-17,70.66,70.87,70.19,70.52,2197.0,70.545
2025-03-18,71.17,71.25,69.83,69.96,3480.0,70.397
2025-03-19,70.1,70.75,69.97,70.44,2510.0,70.401
2025-03-20,70.25,71.74,70.09,71.72,3359.0,71.206
2025-03-21,71.18,71.7,71.0,71.61,2188.0,71.45
2025-03-24,71.8,72.56,71.68,72.41,3336.0,72.277
2025-03-25,72.79,72.92,71.88,72.55,2789.0,72.434
2025-03-26,73.05,73.49,72.84,73.31,6358.0,73.186
2025-03-27,72.94,73.36,72.52,73.35,5545.0,73.083
2025-03-28,73.15,73.16,72.28,72.41,6362.0,72.694
2025-03-31,73.19,75.03,72.9,74.68,11399.0,74.303
2025-04-01,74.94,75.28,74.34,74.43,8661.0,74.737
2025-04-02,74.13,75.46,73.71,73.77,10467.0,74.601
2025-04-03,70.04,70.51,69.47,69.91,7623.0,69.921
2023-04-05,73.98,73.98,73.98,73.98,0.0,73.98
2023-04-06,73.87,73.87,73.87,73.87,0.0,73.87
2023-04-10,73.45,73.45,73.45,73.45,0.0,73.45
2023-04-11,74.19,74.19,74.19,74.19,0.0,74.19
2023-04-12,75.2,75.2,75.2,75.2,0.0,75.2
2023-04-13,75.0,75.0,75.0,75.0,0.0,75.0
2023-04-14,75.18,75.18,75.18,75.18,0.0,75.18
2023-04-17,74.59,74.59,74.59,74.59,0.0,74.59
2023-04-18,74.85,74.85,74.85,74.85,0.0,74.85
2023-04-19,73.94,73.94,73.94,73.94,0.0,73.94
2023-04-20,72.81,72.81,72.81,72.81,0.0,72.81
2023-04-21,73.83,73.83,73.83,73.83,0.0,73.83
2023-04-24,74.51,74.51,74.51,74.51,0.0,74.51
2023-04-25,72.88,72.88,72.88,72.88,0.0,72.88
2023-04-26,71.79,71.79,71.79,71.79,0.0,71.79
2023-04-27,71.56,71.56,71.56,71.56,0.0,71.56
2023-04-28,73.05,73.05,73.05,73.05,0.0,73.05
2023-05-01,72.17,72.17,72.17,72.17,0.0,72.17
2023-05-02,72.03,72.03,70.2,70.2,1.0,72.03
2023-05-03,68.55,68.55,68.55,68.55,0.0,68.55
2023-05-04,68.31,68.31,68.01,68.01,1.0,68.31
2023-05-05,69.75,69.75,69.75,69.75,0.0,69.75
2023-05-08,71.06,71.06,71.06,71.06,0.0,71.06
2023-05-09,71.61,71.61,71.61,71.61,0.0,71.61
2023-05-10,71.17,71.17,71.17,71.17,0.0,71.17
2023-05-11,69.92,69.92,69.92,69.92,0.0,69.92
2023-05-12,69.33,69.33,69.33,69.33,0.0,69.33
2023-05-15,70.12,70.12,70.12,70.12,0.0,70.12
2023-05-16,69.96,69.96,69.96,69.96,0.0,69.96
2023-05-17,71.52,71.52,71.52,71.52,0.0,71.52
2023-05-18,71.15,71.15,71.15,71.15,0.0,71.15
2023-05-19,70.2,70.2,70.2,70.2,0.0,70.2
2023-05-22,70.25,70.25,70.25,70.25,0.0,70.25
2023-05-23,70.89,70.89,70.89,70.89,0.0,70.89
2023-05-24,71.89,71.89,71.89,71.89,0.0,71.89
2023-05-25,70.32,70.32,70.32,70.32,0.0,70.32
2023-05-26,71.17,71.17,71.17,71.17,0.0,71.17
2023-05-30,69.07,69.07,69.07,69.07,0.0,69.07
2023-05-31,68.31,68.31,68.31,68.31,0.0,68.31
2023-06-01,69.49,69.49,69.49,69.49,0.0,69.49
2023-06-02,70.6,70.6,70.6,70.6,0.0,70.6
2023-06-05,70.42,70.42,70.42,70.42,0.0,70.42
2023-06-06,70.28,70.28,70.26,70.26,2.0,70.27
2023-06-07,70.64,70.64,70.64,70.64,0.0,70.64
2023-06-08,69.78,69.78,69.78,69.78,0.0,69.78
2023-06-09,69.53,69.53,69.53,69.53,0.0,69.53
2023-06-12,67.82,67.82,67.82,67.82,0.0,67.82
2023-06-13,69.7,69.7,69.7,69.7,0.0,69.7
2023-06-14,68.85,68.85,68.85,68.85,0.0,68.85
2023-06-15,70.75,70.75,70.75,70.75,0.0,70.75
2023-06-16,71.42,71.42,71.42,71.42,0.0,71.42
2023-06-20,70.88,70.88,70.88,70.88,0.0,70.88
2023-06-21,71.76,71.76,71.76,71.76,0.0,71.76
2023-06-22,70.09,70.09,70.09,70.09,0.0,70.09
2023-06-23,69.81,69.81,69.81,69.81,0.0,69.81
2023-06-26,70.13,70.13,70.13,70.13,0.0,70.13
2023-06-27,69.79,69.79,69.79,69.79,0.0,69.79
2023-06-28,70.61,70.61,70.61,70.61,0.0,70.61
2023-06-29,70.53,70.53,70.53,70.53,0.0,70.53
2023-06-30,71.03,71.03,71.03,71.03,0.0,71.03
2023-07-03,69.92,69.92,69.92,69.92,0.0,69.92
2023-07-04,69.92,69.92,69.92,69.92,0.0,69.92
2023-07-05,71.43,71.43,71.43,71.43,0.0,71.43
2023-07-06,70.15,70.15,70.15,70.15,3.0,70.15
2023-07-07,71.61,71.61,71.61,71.61,1.0,71.61
2023-07-10,71.94,71.94,71.94,71.94,0.0,71.94
2023-07-11,73.0,73.0,73.0,73.0,0.0,73.0
2023-07-12,73.44,73.44,73.44,73.44,0.0,73.44
2023-07-13,74.2,74.2,74.2,74.2,0.0,74.2
2023-07-14,73.28,73.28,73.28,73.28,0.0,73.28
2023-07-17,72.95,72.95,72.95,72.95,0.0,72.95
2023-07-18,73.01,73.01,73.01,73.01,0.0,73.01
2023-07-21,74.69,74.69,74.69,74.69,0.0,74.69
2023-07-24,75.74,75.74,75.74,75.74,0.0,75.74
2023-07-25,76.03,76.03,76.03,76.03,0.0,76.03
2023-07-26,75.8,75.8,75.8,75.8,0.0,75.8
2023-07-27,76.46,76.46,76.46,76.46,0.0,76.46
2023-07-28,76.96,76.96,76.96,76.96,0.0,76.96
2023-07-31,77.45,77.52,77.45,77.52,2.0,77.45
2023-08-01,77.11,77.21,77.11,77.21,1.0,77.11
2023-08-02,75.97,75.97,75.97,75.97,0.0,75.97
2023-08-03,77.31,77.31,77.31,77.31,0.0,77.31
2023-08-04,78.08,78.08,78.08,78.08,0.0,78.08
2023-08-07,77.91,77.91,77.91,77.91,0.0,77.91
2023-08-08,78.45,78.45,78.45,78.45,0.0,78.45
2023-08-09,78.75,78.98,78.75,78.98,1.0,78.75
2023-08-10,78.35,78.35,78.35,78.35,0.0,78.35
2023-08-11,78.32,78.32,78.32,78.32,0.0,78.32
2023-08-14,78.01,78.01,78.01,78.01,0.0,78.01
2023-08-15,77.27,77.27,77.27,77.27,0.0,77.27
2023-08-16,76.92,76.92,76.92,76.92,0.0,76.92
2023-08-17,77.31,77.31,77.31,77.31,0.0,77.31
2023-08-18,77.87,77.87,77.87,77.87,0.0,77.87
2023-08-21,77.93,77.93,77.93,77.93,0.0,77.93
2023-08-22,77.79,77.79,77.79,77.79,0.0,77.79
2023-08-23,76.85,77.24,76.85,77.24,1.0,76.85
2023-08-24,76.84,76.84,76.84,76.84,0.0,76.84
2023-08-25,77.41,77.41,77.41,77.41,0.0,77.41
2023-08-28,77.21,77.21,77.19,77.19,3.0,77.21
2023-08-29,77.83,77.83,77.83,77.83,0.0,77.83
2023-08-30,77.86,77.86,77.86,77.86,0.0,77.86
2023-08-31,78.49,78.49,78.49,78.49,0.0,78.49
2023-09-01,78.96,79.44,78.96,79.44,7.0,79.14
2023-09-05,80.13,80.13,80.13,80.13,0.0,80.13
2023-09-06,80.12,80.12,80.12,80.12,0.0,80.12
2023-09-07,80.13,80.13,80.13,80.13,0.0,80.13
2023-09-08,80.32,80.32,80.32,80.32,0.0,80.32
2023-09-11,80.51,80.51,80.51,80.51,1.0,80.51
2023-09-12,80.77,80.77,80.77,80.77,0.0,80.77
2023-09-13,80.65,80.65,80.65,80.65,0.0,80.65
2023-09-14,81.34,81.34,81.34,81.34,3.0,81.34
2023-09-15,81.04,81.04,81.04,81.04,0.0,81.04
2023-09-18,81.23,81.23,81.23,81.23,0.0,81.23
2023-09-19,81.17,81.17,81.17,81.17,0.0,81.17
2023-09-20,80.87,80.87,80.87,80.87,1.0,80.87
2023-09-21,81.24,81.24,81.24,81.24,1.0,81.24
2023-09-22,80.14,80.14,80.14,80.14,0.0,80.14
2023-09-25,80.32,80.32,80.32,80.32,0.0,80.32
2023-09-26,80.63,80.63,80.63,80.63,0.0,80.63
2023-09-27,81.05,81.05,81.05,81.05,0.0,81.05
2023-09-28,80.53,80.53,80.53,80.53,0.0,80.53
2023-09-29,80.32,80.32,80.32,80.32,1.0,80.32
2023-10-02,79.93,79.93,79.93,79.93,0.0,79.93
2023-10-03,79.95,79.95,79.95,79.95,0.0,79.95
2023-10-04,78.22,78.22,77.69,77.69,2.0,77.955
2023-10-05,75.56,75.6,75.5,75.5,6.0,75.57
2023-10-06,75.42,75.42,75.42,75.42,0.0,75.42
2023-10-09,77.29,77.29,77.29,77.29,0.0,77.29
2023-10-10,77.94,77.94,77.94,77.94,0.0,77.94
2023-10-11,77.91,77.91,77.91,77.91,0.0,77.91
2023-10-12,77.91,77.91,77.91,77.91,0.0,77.91
2023-10-13,80.37,80.37,80.37,80.37,0.0,80.37
2023-10-16,80.07,80.07,80.07,80.07,0.0,80.07
2023-10-17,80.3,80.3,80.3,80.3,0.0,80.3
2023-10-18,81.01,81.01,81.01,81.01,0.0,81.01
2023-10-19,80.93,80.93,80.93,80.93,0.0,80.93
2023-10-20,80.55,80.55,80.55,80.55,0.0,80.55
2023-10-23,79.73,79.73,79.73,79.73,0.0,79.73
2023-10-24,79.25,79.25,79.25,79.25,0.0,79.25
2023-10-25,79.0,80.51,79.0,80.32,5.0,80.032
2023-10-26,79.49,79.49,79.49,79.49,0.0,79.49
2023-10-27,80.2,80.59,80.2,80.59,2.0,80.395
2023-10-30,79.6,79.6,78.94,78.94,4.0,79.435
2023-10-31,78.38,78.38,78.38,78.38,0.0,78.38
2023-11-01,78.14,78.14,78.14,78.14,1.0,78.14
2023-11-02,79.31,79.37,79.31,79.37,2.0,79.34
2023-11-03,78.34,78.34,78.34,78.34,0.0,78.34
2023-11-06,79.04,79.04,79.04,79.04,0.0,79.04
2023-11-07,76.57,76.57,76.41,76.41,2.0,76.49
2023-11-08,75.93,75.93,74.87,74.87,4.0,75.433
2023-11-09,75.39,75.95,75.39,75.53,5.0,75.682
2023-11-10,76.67,76.67,76.67,76.67,3.0,76.67
2023-11-13,77.27,77.27,77.27,77.27,0.0,77.27
2023-11-14,77.07,77.07,77.07,77.07,0.0,77.07
2023-11-15,76.64,76.64,76.64,76.64,0.0,76.64
2023-11-16,75.03,75.03,75.03,75.03,2.0,75.03
2023-11-17,76.37,76.37,76.37,76.37,0.0,76.37
2023-11-20,77.48,77.48,77.48,77.48,1.0,77.48
2023-11-21,77.62,77.62,77.62,77.62,0.0,77.62
2023-11-22,77.02,77.02,77.02,77.02,0.0,77.02
2023-11-24,76.08,76.08,76.08,76.08,0.0,76.08
2023-11-27,75.68,75.68,75.68,75.68,0.0,75.68
2023-11-28,76.6,76.6,76.6,76.6,0.0,76.6
2023-11-29,77.59,77.59,77.59,77.59,0.0,77.59
2023-11-30,75.9,75.9,75.9,75.9,0.0,75.9
2023-12-01,74.85,74.85,74.85,74.85,0.0,74.85
2023-12-04,74.49,74.49,74.49,74.49,2.0,74.49
2023-12-05,74.13,74.13,74.13,74.13,1.0,74.13
2023-12-06,73.12,73.12,73.12,73.12,3.0,73.12
2023-12-07,72.41,72.41,72.41,72.41,0.0,72.41
2023-12-08,73.52,73.52,73.52,73.52,0.0,73.52
2023-12-11,74.16,74.16,74.08,74.08,3.0,74.113
2023-12-12,72.18,72.18,72.18,72.18,0.0,72.18
2023-12-13,73.16,73.16,73.16,73.16,0.0,73.16
2023-12-14,74.8,74.8,74.8,74.8,0.0,74.8
2023-12-15,74.66,74.66,74.66,74.66,0.0,74.66
2023-12-18,75.97,75.97,75.97,75.97,5.0,75.97
2023-12-19,76.23,76.23,76.23,76.23,0.0,76.23
2023-12-20,76.02,76.02,76.02,76.02,0.0,76.02
2023-12-21,75.45,75.45,75.45,75.45,0.0,75.45
2023-12-22,75.2,75.2,74.93,74.93,2.0,75.065
2023-12-26,76.38,76.38,76.38,76.38,1.0,76.38
2023-12-27,75.28,75.28,75.28,75.28,1.0,75.28
2023-12-28,73.62,73.62,73.62,73.62,0.0,73.62
2023-12-29,73.4,73.4,73.4,73.4,0.0,73.4
2024-01-02,72.85,72.85,72.85,72.85,0.0,72.85
2024-01-03,74.58,74.58,74.58,74.58,0.0,74.58
2024-01-04,73.77,73.77,73.77,73.77,0.0,73.77
2024-01-05,74.49,74.49,74.49,74.49,0.0,74.49
2024-01-08,74.01,74.01,72.18,72.18,3.0,72.79
2024-01-09,72.86,72.86,72.86,72.86,1.0,72.86
2024-01-10,72.8,72.8,72.8,72.8,0.0,72.8
2024-01-11,74.33,74.33,74.33,74.33,4.0,74.33
2024-01-12,74.19,74.19,74.19,74.19,0.0,74.19
2024-01-16,73.84,73.84,73.84,73.84,0.0,73.84
2024-01-17,73.61,73.61,73.61,73.61,0.0,73.61
2024-01-18,74.37,74.37,74.37,74.37,0.0,74.37
2024-01-19,73.77,73.77,73.77,73.77,0.0,73.77
2024-01-22,75.13,75.13,75.13,75.13,0.0,75.13
2024-01-23,74.86,74.86,74.86,74.86,0.0,74.86
2024-01-24,75.12,75.12,75.12,75.12,1.0,75.12
2024-01-25,76.5,76.5,76.5,76.5,0.0,76.5
2024-01-26,77.16,77.16,77.16,77.16,0.0,77.16
2024-01-29,76.23,76.23,76.23,76.23,0.0,76.23
2024-01-30,76.08,76.88,76.08,76.88,3.0,76.347
2024-01-31,75.49,75.5,75.26,75.5,34.0,75.489
2024-02-01,75.57,75.57,74.26,74.84,34.0,74.571
2024-02-02,73.0,73.0,73.0,73.0,0.0,73.0
2024-02-05,73.72,73.72,73.72,73.72,0.0,73.72
2024-02-06,73.87,73.87,73.87,73.87,0.0,73.87
2024-02-07,73.87,73.87,73.87,73.87,2.0,73.87
2024-02-08,74.35,74.35,74.35,74.35,3.0,74.35
2024-02-09,76.16,76.16,76.16,76.16,0.0,76.16
2024-02-12,76.22,76.22,76.22,76.22,0.0,76.22
2024-02-13,76.36,76.36,76.36,76.36,0.0,76.36
2024-02-14,76.88,76.88,76.88,76.88,4.0,76.88
2024-02-15,76.33,76.33,76.33,76.33,0.0,76.33
2024-02-16,76.28,76.55,76.28,76.55,32.0,76.535
2024-02-20,76.42,76.42,76.42,76.42,2.0,76.42
2024-02-21,75.83,75.83,75.83,75.83,0.0,75.83
2024-02-22,76.22,76.22,76.22,76.22,0.0,76.22
2024-02-23,75.13,75.13,75.13,75.13,0.0,75.13
2024-02-26,75.63,75.63,75.63,75.63,0.0,75.63
2024-02-27,76.14,76.14,76.14,76.14,0.0,76.14
2024-02-28,75.71,75.71,75.71,75.71,0.0,75.71
2024-02-29,75.45,75.45,75.45,75.45,0.0,75.45
2024-03-01,76.13,76.13,76.13,76.13,0.0,76.13
2024-03-04,76.14,76.14,76.14,76.14,0.0,76.14
2024-03-05,75.59,75.59,75.59,75.59,0.0,75.59
2024-03-06,76.43,76.49,76.43,76.49,2.0,76.46
2024-03-07,76.18,76.18,76.18,76.18,0.0,76.18
2024-03-08,75.68,75.68,75.6,75.6,4.0,75.653
2024-03-11,75.18,75.98,75.18,75.98,3.0,75.62
2024-03-12,75.82,75.82,75.82,75.82,0.0,75.82
2024-03-13,76.06,77.13,76.06,77.13,2.0,76.595
2024-03-14,77.31,77.31,77.31,77.31,1.0,77.31
2024-03-15,78.19,78.19,78.19,78.19,0.0,78.19
2024-03-18,78.75,78.76,78.75,78.76,3.0,78.757
2024-03-19,79.02,79.02,79.02,79.02,1.0,79.02
2024-03-20,78.52,78.52,78.52,78.52,0.0,78.52
2024-03-21,78.48,78.48,78.48,78.48,0.0,78.48
2024-03-22,78.01,78.01,78.01,78.01,0.0,78.01
2024-03-25,78.96,78.96,78.96,78.96,1.0,78.96
2024-03-26,78.63,78.63,78.63,78.63,0.0,78.63
2024-03-27,78.57,78.57,78.57,78.57,0.0,78.57
2024-03-28,79.17,79.17,79.17,79.17,1.0,79.17
2024-04-01,79.45,79.45,79.45,79.45,2.0,79.45
2024-04-02,80.08,80.08,80.08,80.08,0.0,80.08
2024-04-03,80.69,80.69,80.69,80.69,0.0,80.69
2022-04-05,82.11,82.11,82.11,82.11,0.0,82.11
2022-04-06,81.09,81.09,81.09,81.09,0.0,81.09
2022-04-07,81.91,81.91,81.91,81.91,0.0,81.91
2022-04-08,81.84,81.84,81.84,81.84,0.0,81.84
2022-04-11,81.35,81.35,81.35,81.35,0.0,81.35
2022-04-12,81.97,81.97,81.97,81.97,0.0,81.97
2022-04-13,82.28,82.28,82.28,82.28,0.0,82.28
2022-04-14,81.31,81.31,81.31,81.31,0.0,81.31
2022-04-18,80.87,80.87,80.87,80.87,0.0,80.87
2022-04-19,79.06,79.06,79.06,79.06,0.0,79.06
2022-04-20,79.29,79.29,79.29,79.29,0.0,79.29
2022-04-21,80.53,80.53,80.53,80.53,0.0,80.53
2022-04-22,78.64,78.64,78.64,78.64,0.0,78.64
2022-04-25,77.82,77.82,77.82,77.82,0.0,77.82
2022-04-26,77.73,77.73,77.73,77.73,0.0,77.73
2022-04-27,77.04,77.04,77.04,77.04,0.0,77.04
2022-04-28,77.04,77.04,77.04,77.04,0.0,77.04
2022-04-29,76.18,76.18,76.18,76.18,0.0,76.18
2022-05-02,76.58,76.58,76.58,76.58,0.0,76.58
2022-05-03,76.58,76.58,76.58,76.58,0.0,76.58
2022-05-04,78.31,78.31,78.31,78.31,0.0,78.31
2022-05-05,78.48,78.48,78.48,78.48,0.0,78.48
2022-05-06,78.85,78.85,78.85,78.85,0.0,78.85
2022-05-09,76.49,76.49,76.49,76.49,0.0,76.49
2022-05-10,76.21,76.21,76.21,76.21,0.0,76.21
2022-05-11,79.35,79.35,79.35,79.35,0.0,79.35
2022-05-12,78.9,78.9,78.9,78.9,0.0,78.9
2022-05-13,78.99,78.99,78.99,78.99,0.0,78.99
2022-05-16,79.03,79.03,79.03,79.03,0.0,79.03
2022-05-17,79.51,79.51,79.51,79.51,0.0,79.51
2022-05-18,78.62,78.62,78.62,78.62,0.0,78.62
2022-05-19,79.41,79.41,79.41,79.41,0.0,79.41
2022-05-20,78.9,78.9,78.9,78.9,0.0,78.9
2022-05-23,79.8,79.8,79.8,79.8,0.0,79.8
2022-05-24,80.22,80.22,80.22,80.22,0.0,80.22
2022-05-25,80.57,80.57,80.57,80.57,0.0,80.57
2022-05-26,80.41,80.41,80.41,80.41,0.0,80.41
2022-05-27,80.44,80.44,80.44,80.44,0.0,80.44
2022-05-31,79.71,79.71,79.71,79.71,0.0,79.71
2022-06-01,79.91,79.91,79.91,79.91,0.0,79.91
2022-06-02,80.72,80.72,80.72,80.72,0.0,80.72
2022-06-03,80.87,80.87,80.87,80.87,0.0,80.87
2022-06-06,80.65,80.65,80.65,80.65,0.0,80.65
2022-06-07,82.27,82.27,82.27,82.27,0.0,82.27
2022-06-08,83.16,83.16,83.16,83.16,0.0,83.16
2022-06-09,83.69,83.69,83.69,83.69,0.0,83.69
2022-06-10,83.07,83.07,83.07,83.07,0.0,83.07
2022-06-13,83.84,83.84,83.84,83.84,0.0,83.84
2022-06-14,83.03,83.03,83.03,83.03,0.0,83.03
2022-06-15,82.54,82.54,82.54,82.54,0.0,82.54
2022-06-16,83.93,83.93,83.93,83.93,0.0,83.93
2022-06-17,81.92,81.92,81.92,81.92,0.0,81.92
2022-06-21,81.52,81.52,81.52,81.52,0.0,81.52
2022-06-22,80.28,80.28,80.28,80.28,0.0,80.28
2022-06-23,77.79,77.79,77.79,77.79,0.0,77.79
2022-06-24,79.9,79.9,79.9,79.9,0.0,79.9
2022-06-27,81.15,81.15,81.15,81.15,0.0,81.15
2022-06-28,83.22,83.22,83.22,83.22,0.0,83.22
2022-06-29,82.55,82.55,82.55,82.55,0.0,82.55
2022-06-30,79.72,79.72,79.72,79.72,0.0,79.72
2022-07-01,79.52,79.52,79.52,79.52,0.0,79.52
2022-07-05,75.34,75.34,75.34,75.34,0.0,75.34
2022-07-06,75.95,75.95,75.95,75.95,0.0,75.95
2022-07-07,77.3,77.3,77.3,77.3,0.0,77.3
2022-07-08,78.09,78.09,78.09,78.09,0.0,78.09
2022-07-11,79.77,79.77,79.77,79.77,0.0,79.77
2022-07-12,76.97,76.97,76.97,76.97,0.0,76.97
2022-07-13,77.68,77.68,77.68,77.68,0.0,77.68
2022-07-14,76.31,76.31,76.31,76.31,0.0,76.31
2022-07-15,77.36,77.36,77.36,77.36,0.0,77.36
2022-07-18,79.91,79.91,79.91,79.91,0.0,79.91
2022-07-25,79.49,79.49,79.49,79.49,0.0,79.49
2022-07-26,79.75,79.75,79.75,79.75,0.0,79.75
2022-07-27,81.24,81.24,81.24,81.24,0.0,81.24
2022-07-28,80.34,80.34,80.34,80.34,0.0,80.34
2022-07-29,81.25,81.25,81.25,81.25,0.0,81.25
2022-08-01,79.92,79.92,79.92,79.92,0.0,79.92
2022-08-02,81.34,81.34,81.34,81.34,0.0,81.34
2022-08-03,80.54,80.54,80.54,80.54,0.0,80.54
2022-08-04,78.32,78.32,78.32,78.32,0.0,78.32
2022-08-05,78.25,78.25,78.25,78.25,0.0,78.25
2022-08-08,80.02,80.02,80.02,80.02,0.0,80.02
2022-08-09,79.56,79.56,79.56,79.56,0.0,79.56
2022-08-10,80.9,80.9,80.9,80.9,0.0,80.9
2022-08-11,81.17,81.17,81.17,81.17,0.0,81.17
2022-08-12,80.85,80.85,80.85,80.85,0.0,80.85
2022-08-15,80.07,80.07,80.07,80.07,0.0,80.07
2022-08-16,79.23,79.23,79.23,79.23,0.0,79.23
2022-08-17,79.36,79.36,79.36,79.36,0.0,79.36
2022-08-18,79.04,79.04,79.04,79.04,0.0,79.04
2022-08-19,78.83,78.83,78.83,78.83,0.0,78.83
2022-08-22,78.76,78.76,78.76,78.76,0.0,78.76
2022-08-23,79.51,79.51,79.51,79.51,0.0,79.51
2022-08-24,79.21,79.21,79.21,79.21,0.0,79.21
2022-08-25,78.35,78.35,78.35,78.35,0.0,78.35
2022-08-26,78.33,78.33,78.33,78.33,0.0,78.33
2022-08-29,78.99,78.99,78.99,78.99,0.0,78.99
2022-08-30,77.19,77.19,77.19,77.19,0.0,77.19
2022-08-31,76.95,76.95,76.95,76.95,0.0,76.95
2022-09-01,74.99,74.99,74.99,74.99,0.0,74.99
2022-09-02,74.99,74.99,74.99,74.99,0.0,74.99
2022-09-06,74.96,74.96,74.96,74.96,0.0,74.96
2022-09-07,72.6,72.6,72.6,72.6,0.0,72.6
2022-09-08,72.76,72.76,72.76,72.76,0.0,72.76
2022-09-09,74.92,74.92,74.92,74.92,0.0,74.92
2022-09-12,76.04,76.04,76.04,76.04,0.0,76.04
2022-09-13,76.03,76.03,76.03,76.03,0.0,76.03
2022-09-14,76.36,76.36,76.36,76.36,0.0,76.36
2022-09-15,74.1,74.1,74.1,74.1,0.0,74.1
2022-09-16,74.05,74.05,74.05,74.05,0.0,74.05
2022-09-19,73.95,73.95,73.95,73.95,0.0,73.95
2022-09-20,72.11,72.11,72.11,72.11,0.0,72.11
2022-09-21,71.71,71.71,71.71,71.71,0.0,71.71
2022-09-22,72.17,72.17,72.17,72.17,0.0,72.17
2022-09-23,69.99,69.99,69.99,69.99,0.0,69.99
2022-09-26,69.28,69.28,69.28,69.28,0.0,69.28
2022-09-27,69.88,69.88,69.88,69.88,0.0,69.88
2022-09-28,71.56,71.56,71.56,71.56,0.0,71.56
2022-09-29,70.65,70.65,70.65,70.65,0.0,70.65
2022-09-30,69.43,69.43,69.43,69.43,0.0,69.43
2022-10-03,71.06,71.06,71.06,71.06,0.0,71.06
2022-10-04,72.48,72.48,72.48,72.48,0.0,72.48
2022-10-05,73.85,73.85,73.85,73.85,0.0,73.85
2022-10-06,74.67,74.67,74.67,74.67,0.0,74.67
2022-10-07,75.81,75.81,75.81,75.81,0.0,75.81
2022-10-10,75.11,75.11,75.11,75.11,0.0,75.11
2022-10-11,74.34,74.34,74.34,74.34,0.0,74.34
2022-10-12,73.14,73.14,73.14,73.14,0.0,73.14
2022-10-13,73.95,73.95,73.95,73.95,0.0,73.95
2022-10-14,72.64,72.64,72.64,72.64,0.0,72.64
2022-10-17,73.34,73.34,73.34,73.34,0.0,73.34
2022-10-18,73.81,73.81,73.81,73.81,0.0,73.81
2022-10-19,74.57,74.57,74.57,74.57,0.0,74.57
2022-10-20,74.34,74.34,74.34,74.34,0.0,74.34
2022-10-21,74.14,74.14,74.14,74.14,0.0,74.14
2022-10-24,73.76,73.76,73.76,73.76,0.0,73.76
2022-10-25,74.85,74.85,74.85,74.85,0.0,74.85
2022-10-26,75.8,75.8,75.8,75.8,0.0,75.8
2022-10-27,76.47,76.47,76.47,76.47,0.0,76.47
2022-10-28,75.57,75.57,75.57,75.57,0.0,75.57
2022-10-31,75.7,75.7,75.7,75.7,0.0,75.7
2022-11-01,75.97,75.97,75.97,75.97,0.0,75.97
2022-11-02,77.19,77.19,77.19,77.19,0.0,77.19
2022-11-03,76.36,76.36,76.36,76.36,0.0,76.36
2022-11-04,78.1,78.1,78.1,78.1,0.0,78.1
2022-11-07,78.04,78.04,78.04,78.04,0.0,78.04
2022-11-08,76.87,76.87,76.87,76.87,0.0,76.87
2022-11-09,75.34,75.34,75.34,75.34,0.0,75.34
2022-11-10,75.18,75.18,75.18,75.18,0.0,75.18
2022-11-11,76.73,76.73,76.73,76.73,0.0,76.73
2022-11-14,76.25,76.25,76.25,76.25,0.0,76.25
2022-11-15,77.54,77.54,77.54,77.54,0.0,77.54
2022-11-16,76.23,76.23,76.23,76.23,0.0,76.23
2022-11-17,75.6,75.6,75.6,75.6,0.0,75.6
2022-11-18,75.37,75.37,75.37,75.37,0.0,75.37
2022-11-21,76.01,76.01,76.01,76.01,0.0,76.01
2022-11-22,76.06,76.06,76.06,76.06,0.0,76.06
2022-11-23,75.55,75.55,75.55,75.55,0.0,75.55
2022-11-25,75.1,75.1,75.1,75.1,0.0,75.1
2022-11-28,75.61,75.61,75.61,75.61,0.0,75.61
2022-11-29,76.07,76.07,76.07,76.07,0.0,76.07
2022-11-30,77.45,77.45,77.45,77.45,0.0,77.45
2022-12-01,77.41,77.41,77.41,77.41,0.0,77.41
2022-12-02,77.49,77.49,77.49,77.49,0.0,77.49
2022-12-05,76.16,76.16,76.16,76.16,0.0,76.16
2022-12-06,74.34,74.34,74.34,74.34,0.0,74.34
2022-12-07,72.99,72.99,72.99,72.99,0.0,72.99
2022-12-08,72.34,72.34,72.34,72.34,0.0,72.34
2022-12-09,72.76,72.76,72.76,72.76,0.0,72.76
2022-12-12,73.73,73.73,73.73,73.73,0.0,73.73
2022-12-13,73.93,73.93,73.93,73.93,0.0,73.93
2022-12-14,74.39,74.39,74.39,74.39,0.0,74.39
2022-12-15,72.94,72.94,72.94,72.94,0.0,72.94
2022-12-16,72.38,72.38,72.38,72.38,0.0,72.38
2022-12-19,72.54,72.54,72.54,72.54,0.0,72.54
2022-12-20,73.02,73.02,73.02,73.02,0.0,73.02
2022-12-21,73.55,73.55,73.55,73.55,0.0,73.55
2022-12-22,72.85,72.85,72.85,72.85,0.0,72.85
2022-12-23,74.72,74.72,74.72,74.72,0.0,74.72
2022-12-27,74.92,74.92,74.92,74.92,0.0,74.92
2022-12-28,74.92,74.92,74.92,74.92,0.0,74.92
2022-12-29,73.89,73.89,73.89,73.89,0.0,73.89
2022-12-30,75.13,75.13,75.13,75.13,0.0,75.13
2023-01-03,73.23,73.23,73.23,73.23,0.0,73.23
2023-01-04,71.97,71.97,71.97,71.97,0.0,71.97
2023-01-05,72.27,72.27,72.27,72.27,0.0,72.27
2023-01-06,72.57,72.57,72.57,72.57,0.0,72.57
2023-01-09,73.7,73.7,73.7,73.7,0.0,73.7
2023-01-10,73.52,73.52,73.52,73.52,0.0,73.52
2023-01-11,74.7,74.7,74.7,74.7,0.0,74.7
2023-01-12,75.14,75.14,75.14,75.14,0.0,75.14
2023-01-13,75.73,75.73,75.73,75.73,0.0,75.73
2023-01-17,75.16,75.16,75.16,75.16,0.0,75.16
2023-01-18,74.98,74.98,74.98,74.98,0.0,74.98
2023-01-19,75.66,75.66,75.66,75.66,0.0,75.66
2023-01-20,76.27,76.27,76.27,76.27,0.0,76.27
2023-01-23,76.9,76.9,76.9,76.9,0.0,76.9
2023-01-24,75.72,75.72,75.72,75.72,0.0,75.72
2023-01-25,75.38,75.38,75.38,75.38,0.0,75.38
2023-01-26,75.51,75.51,75.51,75.51,0.0,75.51
2023-01-27,74.67,74.67,74.67,74.67,0.0,74.67
2023-01-30,74.02,74.02,74.02,74.02,0.0,74.02
2023-01-31,75.1,75.1,75.1,75.1,0.0,75.1
2023-02-01,73.65,73.65,73.65,73.65,0.0,73.65
2023-02-02,73.58,73.58,73.58,73.58,0.0,73.58
2023-02-03,71.81,71.81,71.81,71.81,0.0,71.81
2023-02-10,74.86,74.86,74.86,74.86,0.0,74.86
2023-02-13,75.36,75.36,75.36,75.36,0.0,75.36
2023-02-14,75.14,75.14,75.14,75.14,0.0,75.14
2023-02-15,75.23,75.23,75.23,75.23,0.0,75.23
2023-02-16,75.28,75.28,75.28,75.28,0.0,75.28
2023-02-17,74.01,74.01,74.01,74.01,0.0,74.01
2023-02-21,74.25,74.25,74.25,74.25,0.0,74.25
2023-02-22,73.5,73.5,73.5,73.5,0.0,73.5
2023-02-23,73.94,73.94,73.94,73.94,0.0,73.94
2023-02-24,73.95,73.95,73.95,73.95,0.0,73.95
2023-02-27,73.07,73.07,73.07,73.07,0.0,73.07
2023-02-28,73.17,73.17,73.17,73.17,0.0,73.17
2023-03-01,73.72,73.72,73.72,73.72,0.0,73.72
2023-03-02,74.05,74.05,74.05,74.05,0.0,74.05
2023-03-03,75.05,75.05,75.05,75.05,0.0,75.05
2023-03-06,75.32,75.32,75.32,75.32,0.0,75.32
2023-03-07,73.58,73.58,73.58,73.58,0.0,73.58
2023-03-08,73.3,73.3,73.3,73.3,0.0,73.3
2023-03-09,72.66,72.66,72.66,72.66,0.0,72.66
2023-03-10,72.9,72.9,72.9,72.9,1.0,72.9
2023-03-13,72.15,72.15,72.15,72.15,0.0,72.15
2023-03-14,70.54,70.54,70.54,70.54,0.0,70.54
2023-03-15,68.74,68.74,68.5,68.5,4.0,68.625
2023-03-16,69.53,69.53,69.53,69.53,0.0,69.53
2023-03-17,69.17,69.17,69.17,69.17,0.0,69.17
2023-03-20,69.79,69.79,69.79,69.79,0.0,69.79
2023-03-21,70.13,70.13,70.13,70.13,0.0,70.13
2023-03-22,70.7,70.7,70.7,70.7,0.0,70.7
2023-03-23,70.49,70.49,70.49,70.49,0.0,70.49
2023-03-24,70.13,70.13,70.13,70.13,0.0,70.13
2023-03-27,72.06,72.06,72.06,72.06,0.0,72.06
2023-03-28,72.13,72.13,72.13,72.13,0.0,72.13
2023-03-29,71.78,71.78,71.78,71.78,0.0,71.78
2023-03-30,72.07,72.07,72.07,72.07,0.0,72.07
2023-03-31,72.62,72.62,72.62,72.62,0.0,72.62
2023-04-03,73.85,73.85,73.85,73.85,0.0,73.85
2023-04-04,73.77,73.77,73.77,73.77,0.0,73.77
2021-04-05,55.65,55.65,55.65,55.65,0.0,55.65
2021-04-06,56.21,56.21,56.21,56.21,0.0,56.21
2021-04-07,56.2,56.2,56.2,56.2,0.0,56.2
2021-04-08,55.41,55.41,55.41,55.41,0.0,55.41
2021-04-09,55.6,55.6,55.6,55.6,0.0,55.6
2021-04-12,56.15,56.15,56.15,56.15,0.0,56.15
2021-04-13,56.46,56.46,56.46,56.46,0.0,56.46
2021-04-14,57.45,57.45,57.45,57.45,0.0,57.45
2021-04-15,57.08,57.08,57.08,57.08,0.0,57.08
2021-04-16,56.75,56.75,56.75,56.75,0.0,56.75
2021-04-19,56.77,56.77,56.77,56.77,0.0,56.77
2021-04-20,56.24,56.24,56.24,56.24,0.0,56.24
2021-04-21,55.88,55.88,55.88,55.88,0.0,55.88
2021-04-22,56.39,56.39,56.39,56.39,0.0,56.39
2021-04-23,56.94,56.94,56.94,56.94,0.0,56.94
2021-04-26,57.08,57.08,57.08,57.08,0.0,57.08
2021-04-27,57.62,57.62,57.62,57.62,0.0,57.62
2021-04-28,57.98,57.98,57.98,57.98,0.0,57.98
2021-04-29,58.36,58.36,58.36,58.36,0.0,58.36
2021-04-30,57.53,57.53,57.53,57.53,0.0,57.53
2021-05-03,57.87,57.87,57.87,57.87,0.0,57.87
2021-05-04,58.6,58.6,58.6,58.6,0.0,58.6
2021-05-05,58.93,58.93,58.93,58.93,0.0,58.93
2021-05-06,59.05,59.05,59.05,59.05,0.0,59.05
2021-05-07,59.36,59.36,59.36,59.36,0.0,59.36
2021-05-10,59.53,59.53,59.53,59.53,0.0,59.53
2021-05-11,59.87,59.87,59.87,59.87,0.0,59.87
2021-05-12,60.26,60.26,60.26,60.26,0.0,60.26
2021-05-13,58.48,58.48,58.48,58.48,0.0,58.48
2021-05-14,58.77,58.77,58.77,58.77,0.0,58.77
2021-05-17,58.77,58.77,58.77,58.77,0.0,58.77
2021-05-18,58.86,58.86,58.86,58.86,0.0,58.86
2021-05-19,57.84,57.84,57.84,57.84,0.0,57.84
2021-05-20,57.44,57.44,57.44,57.44,0.0,57.44
2021-05-21,57.99,57.99,57.99,57.99,0.0,57.99
2021-05-24,58.88,58.88,58.88,58.88,0.0,58.88
2021-05-25,58.83,58.83,58.83,58.83,0.0,58.83
2021-05-26,58.91,58.91,58.91,58.91,0.0,58.91
2021-05-27,58.89,58.89,58.89,58.89,0.0,58.89
2021-05-28,58.6,58.6,58.6,58.6,0.0,58.6
2021-06-01,59.28,59.28,59.28,59.28,0.0,59.28
2021-06-02,59.55,59.55,59.55,59.55,0.0,59.55
2021-06-03,59.46,59.46,59.46,59.46,0.0,59.46
2021-06-04,59.74,59.74,59.74,59.74,0.0,59.74
2021-06-07,59.96,59.96,59.96,59.96,0.0,59.96
2021-06-08,60.37,60.37,60.37,60.37,0.0,60.37
2021-06-09,60.34,60.34,60.34,60.34,0.0,60.34
2021-06-10,60.28,60.28,60.28,60.28,0.0,60.28
2021-06-11,60.26,60.26,60.26,60.26,0.0,60.26
2021-06-14,60.07,60.07,60.07,60.07,0.0,60.07
2021-06-15,60.36,60.36,60.36,60.36,0.0,60.36
2021-06-16,60.59,60.59,60.59,60.59,0.0,60.59
2021-06-17,59.64,59.64,59.64,59.64,0.0,59.64
2021-06-18,60.06,60.06,60.06,60.06,0.0,60.06
2021-06-21,60.77,60.77,60.77,60.77,0.0,60.77
2021-06-22,60.94,60.94,60.94,60.94,0.0,60.94
2021-06-23,61.0,61.0,61.0,61.0,0.0,61.0
2021-06-24,61.06,61.06,61.06,61.06,0.0,61.06
2021-06-25,60.91,60.91,60.91,60.91,0.0,60.91
2021-06-28,60.31,60.31,60.31,60.31,0.0,60.31
2021-06-29,60.42,60.42,60.42,60.42,0.0,60.42
2021-06-30,60.21,60.21,60.21,60.21,0.0,60.21
2021-07-01,60.5,60.5,60.5,60.5,0.0,60.5
2021-07-02,60.78,60.78,60.78,60.78,0.0,60.78
2021-07-06,59.37,59.37,59.37,59.37,0.0,59.37
2021-07-07,58.78,58.78,58.78,58.78,0.0,58.78
2021-07-08,58.78,58.78,58.78,58.78,0.0,58.78
2021-07-09,59.54,59.54,59.54,59.54,0.0,59.54
2021-07-12,59.75,59.75,59.75,59.75,0.0,59.75
2021-07-13,60.87,60.87,60.87,60.87,0.0,60.87
2021-07-14,60.03,60.03,60.03,60.03,0.0,60.03
2021-07-15,59.87,59.87,59.87,59.87,0.0,59.87
2021-07-16,60.56,60.56,60.56,60.56,0.0,60.56
2021-07-19,57.87,57.87,57.87,57.87,0.0,57.87
2021-07-26,59.09,59.09,59.09,59.09,0.0,59.09
2021-07-27,59.21,59.21,59.21,59.21,0.0,59.21
2021-07-28,59.85,59.85,59.85,59.85,0.0,59.85
2021-07-29,60.65,60.65,60.65,60.65,0.0,60.65
2021-07-30,60.49,60.49,60.49,60.49,0.0,60.49
2021-08-02,59.45,59.45,59.45,59.45,0.0,59.45
2021-08-03,59.57,59.57,59.57,59.57,0.0,59.57
2021-08-04,59.0,59.0,59.0,59.0,0.0,59.0
2021-08-05,59.67,59.67,59.67,59.67,0.0,59.67
2021-08-06,60.01,60.01,60.01,60.01,0.0,60.01
2021-08-09,59.43,59.43,59.43,59.43,0.0,59.43
2021-08-10,59.96,59.96,59.96,59.96,0.0,59.96
2021-08-11,60.4,60.4,60.4,60.4,0.0,60.4
2021-08-12,60.37,60.37,60.37,60.37,0.0,60.37
2021-08-13,60.13,60.13,60.13,60.13,0.0,60.13
2021-08-16,60.03,60.03,60.03,60.03,0.0,60.03
2021-08-17,59.33,59.33,59.33,59.33,0.0,59.33
2021-08-18,59.14,59.14,59.14,59.14,0.0,59.14
2021-08-19,58.46,58.46,58.46,58.46,0.0,58.46
2021-08-20,57.62,57.62,57.62,57.62,0.0,57.62
2021-08-23,59.34,59.34,59.34,59.34,0.0,59.34
2021-08-24,59.8,59.8,59.8,59.8,0.0,59.8
2021-08-25,59.79,59.79,59.79,59.79,0.0,59.79
2021-08-26,59.44,59.44,59.44,59.44,0.0,59.44
2021-08-27,60.01,60.01,60.01,60.01,0.0,60.01
2021-08-30,59.65,59.65,59.65,59.65,0.0,59.65
2021-08-31,59.35,59.35,59.35,59.35,0.0,59.35
2021-09-01,59.47,59.47,59.47,59.47,0.0,59.47
2021-09-02,59.67,59.67,59.67,59.67,0.0,59.67
2021-09-03,59.72,59.72,59.72,59.72,0.0,59.72
2021-09-07,59.89,59.89,59.89,59.89,0.0,59.89
2021-09-08,59.63,59.63,59.63,59.63,0.0,59.63
2021-09-09,59.3,59.3,59.3,59.3,0.0,59.3
2021-09-10,60.11,60.11,60.11,60.11,0.0,60.11
2021-09-13,60.21,60.21,60.21,60.21,0.0,60.21
2021-09-14,60.22,60.22,60.22,60.22,0.0,60.22
2021-09-15,60.42,60.42,60.42,60.42,0.0,60.42
2021-09-16,60.46,60.46,60.46,60.46,0.0,60.46
2021-09-17,59.88,59.88,59.88,59.88,0.0,59.88
2021-09-20,59.18,59.18,59.18,59.18,0.0,59.18
2021-09-21,59.77,59.77,59.77,59.77,0.0,59.77
2021-09-22,60.14,60.14,60.14,60.14,0.0,60.14
2021-09-23,60.69,60.69,60.69,60.69,0.0,60.69
2021-09-24,60.81,60.81,60.81,60.81,0.0,60.81
2021-09-27,62.07,62.07,62.07,62.07,0.0,62.07
2021-09-28,62.14,62.14,62.14,62.14,0.0,62.14
2021-09-29,62.57,62.57,62.57,62.57,0.0,62.57
2021-09-30,62.13,62.13,62.13,62.13,0.0,62.13
2021-10-01,63.0,63.0,63.0,63.0,0.0,63.0
2021-10-04,63.65,63.65,63.65,63.65,0.0,63.65
2021-10-05,63.99,63.99,63.99,63.99,0.0,63.99
2021-10-06,62.61,62.61,62.61,62.61,0.0,62.61
2021-10-07,63.12,63.12,63.12,63.12,0.0,63.12
2021-10-08,63.49,63.49,63.49,63.49,0.0,63.49
2021-10-11,64.5,64.5,64.5,64.5,0.0,64.5
2021-10-12,65.06,65.06,65.06,65.06,0.0,65.06
2021-10-13,65.29,65.29,65.29,65.29,0.0,65.29
2021-10-14,65.42,65.42,65.42,65.42,0.0,65.42
2021-10-15,65.09,65.09,65.09,65.09,0.0,65.09
2021-10-18,64.91,64.91,64.91,64.91,0.0,64.91
2021-10-19,64.75,64.75,64.75,64.75,0.0,64.75
2021-10-20,65.75,65.75,65.75,65.75,0.0,65.75
2021-10-21,65.34,65.34,65.34,65.34,0.0,65.34
2021-10-22,65.67,65.67,65.67,65.67,0.0,65.67
2021-10-25,66.58,66.58,66.58,66.58,0.0,66.58
2021-10-26,66.62,66.62,66.62,66.62,0.0,66.62
2021-10-27,65.94,65.94,65.94,65.94,0.0,65.94
2021-10-28,65.57,65.57,65.57,65.57,0.0,65.57
2021-10-29,64.56,64.56,64.56,64.56,0.0,64.56
2021-11-01,64.9,64.9,64.9,64.9,0.0,64.9
2021-11-02,64.98,64.98,64.98,64.98,0.0,64.98
2021-11-03,64.7,64.7,64.7,64.7,0.0,64.7
2021-11-04,66.18,66.18,66.18,66.18,0.0,66.18
2021-11-05,67.35,67.35,67.35,67.35,0.0,67.35
2021-11-08,67.91,67.91,67.91,67.91,0.0,67.91
2021-11-09,68.04,68.04,68.04,68.04,0.0,68.04
2021-11-10,67.19,67.19,67.19,67.19,0.0,67.19
2021-11-11,67.68,67.68,67.68,67.68,0.0,67.68
2021-11-12,67.25,67.25,67.25,67.25,0.0,67.25
2021-11-15,67.54,67.54,67.54,67.54,0.0,67.54
2021-11-16,67.85,67.85,67.85,67.85,0.0,67.85
2021-11-17,67.44,67.44,67.44,67.44,0.0,67.44
2021-11-18,67.55,67.55,67.55,67.55,0.0,67.55
2021-11-19,66.21,66.21,66.21,66.21,0.0,66.21
2021-11-22,66.43,66.43,66.43,66.43,0.0,66.43
2021-11-23,67.44,67.44,67.44,67.44,0.0,67.44
2021-11-24,67.49,67.49,67.49,67.49,0.0,67.49
2021-11-26,64.13,64.13,64.13,64.13,0.0,64.13
2021-11-29,65.27,65.27,65.27,65.27,0.0,65.27
2021-11-30,62.36,62.36,62.36,62.36,0.0,62.36
2021-12-01,62.8,62.8,62.8,62.8,0.0,62.8
2021-12-02,63.16,63.16,63.16,63.16,0.0,63.16
2021-12-03,64.18,64.18,64.18,64.18,0.0,64.18
2021-12-06,65.52,65.52,65.52,65.52,0.0,65.52
2021-12-07,67.36,67.36,67.36,67.36,0.0,67.36
2021-12-08,67.83,67.83,67.83,67.83,0.0,67.83
2021-12-09,67.09,67.09,67.09,67.09,0.0,67.09
2021-12-10,66.99,66.99,66.99,66.99,0.0,66.99
2021-12-13,66.89,66.89,66.89,66.89,0.0,66.89
2021-12-14,66.64,66.64,66.64,66.64,0.0,66.64
2021-12-15,65.97,65.97,65.97,65.97,0.0,65.97
2021-12-16,65.73,65.73,65.73,65.73,0.0,65.73
2021-12-17,64.61,64.61,64.61,64.61,0.0,64.61
2021-12-20,63.9,63.9,63.9,63.9,0.0,63.9
2021-12-21,65.21,65.21,65.21,65.21,0.0,65.21
2021-12-22,64.82,64.82,64.82,64.82,0.0,64.82
2021-12-23,65.53,65.53,65.53,65.53,0.0,65.53
2021-12-27,66.51,66.51,66.51,66.51,0.0,66.51
2021-12-28,66.44,66.44,66.44,66.44,0.0,66.44
2021-12-29,66.99,66.99,66.99,66.99,0.0,66.99
2021-12-30,67.04,67.04,67.04,67.04,0.0,67.04
2021-12-31,65.77,65.77,65.77,65.77,0.0,65.77
2022-01-03,66.73,66.73,66.73,66.73,0.0,66.73
2022-01-04,67.54,67.54,67.54,67.54,0.0,67.54
2022-01-05,67.29,67.29,67.29,67.29,0.0,67.29
2022-01-06,67.61,67.61,67.61,67.61,0.0,67.61
2022-01-07,67.55,67.55,67.55,67.55,0.0,67.55
2022-01-10,67.14,67.14,67.14,67.14,0.0,67.14
2022-01-11,68.25,68.25,68.25,68.25,0.0,68.25
2022-01-12,68.06,68.06,68.06,68.06,0.0,68.06
2022-01-13,68.03,68.03,68.03,68.03,0.0,68.03
2022-01-14,68.54,68.54,68.54,68.54,0.0,68.54
2022-01-18,69.45,69.45,69.45,69.45,0.0,69.45
2022-01-19,69.64,69.64,69.64,69.64,0.0,69.64
2022-01-20,70.35,70.35,70.35,70.35,0.0,70.35
2022-01-21,70.65,70.65,70.65,70.65,0.0,70.65
2022-01-24,70.23,70.23,70.23,70.23,0.0,70.23
2022-01-25,71.15,71.15,71.15,71.15,0.0,71.15
2022-01-26,71.46,71.46,71.46,71.46,0.0,71.46
2022-01-27,70.99,70.99,70.99,70.99,0.0,70.99
2022-01-28,70.79,70.79,70.79,70.79,0.0,70.79
2022-01-31,71.22,71.22,71.22,71.22,0.0,71.22
2022-02-01,71.33,71.33,71.33,71.33,0.0,71.33
2022-02-02,71.57,71.57,71.57,71.57,0.0,71.57
2022-02-03,72.45,72.45,72.45,72.45,0.0,72.45
2022-02-04,72.96,72.96,72.96,72.96,0.0,72.96
2022-02-07,73.47,73.47,73.47,73.47,0.0,73.47
2022-02-08,72.98,72.98,72.98,72.98,0.0,72.98
2022-02-09,74.35,74.35,74.35,74.35,0.0,74.35
2022-02-10,74.71,74.71,74.71,74.71,0.0,74.71
2022-02-11,75.31,75.31,75.31,75.31,0.0,75.31
2022-02-14,75.46,75.46,75.46,75.46,0.0,75.46
2022-02-15,73.71,73.71,73.71,73.71,0.0,73.71
2022-02-16,74.21,74.21,74.21,74.21,0.0,74.21
2022-02-17,74.13,74.13,74.13,74.13,0.0,74.13
2022-02-18,74.43,74.43,74.43,74.43,0.0,74.43
2022-02-22,75.6,75.6,75.6,75.6,0.0,75.6
2022-02-23,76.58,76.58,76.58,76.58,0.0,76.58
2022-02-24,75.33,75.33,75.33,75.33,0.0,75.33
2022-02-25,74.03,74.03,74.03,74.03,0.0,74.03
2022-02-28,73.83,73.83,73.83,73.83,0.0,73.83
2022-03-01,75.38,75.38,75.38,75.38,0.0,75.38
2022-03-02,77.96,77.96,77.96,77.96,0.0,77.96
2022-03-03,78.82,78.82,78.82,78.82,0.0,78.82
2022-03-04,81.97,81.97,81.97,81.97,0.0,81.97
2022-03-07,81.48,81.48,81.48,81.48,0.0,81.48
2022-03-08,79.06,79.06,79.06,79.06,0.0,79.06
2022-03-09,76.35,76.35,76.35,76.35,0.0,76.35
2022-03-10,76.72,76.72,76.72,76.72,0.0,76.72
2022-03-11,78.79,78.79,78.79,78.79,0.0,78.79
2022-03-14,76.99,76.99,76.99,76.99,0.0,76.99
2022-03-15,77.53,77.53,77.53,77.53,0.0,77.53
2022-03-16,75.79,75.79,75.79,75.79,0.0,75.79
2022-03-17,78.22,78.22,78.22,78.22,0.0,78.22
2022-03-18,78.32,78.32,78.32,78.32,0.0,78.32
2022-03-21,79.77,79.77,79.77,79.77,0.0,79.77
2022-03-22,79.52,79.52,79.52,79.52,0.0,79.52
2022-03-23,80.15,80.15,80.15,80.15,0.0,80.15
2022-03-24,78.48,78.48,78.48,78.48,0.0,78.48
2022-03-25,79.38,79.38,79.38,79.38,0.0,79.38
2022-03-28,78.03,78.03,78.03,78.03,0.0,78.03
2022-03-29,77.89,77.89,77.89,77.89,0.0,77.89
2022-03-30,78.61,78.61,78.61,78.61,0.0,78.61
2022-03-31,79.42,79.42,79.42,79.42,0.0,79.42
2022-04-01,81.78,81.78,81.78,81.78,0.0,81.78
2022-04-04,82.79,82.79,82.79,82.79,0.0,82.79
2020-04-02,49.0,49.0,49.0,49.0,0.0,49.0
2020-04-03,48.38,48.38,48.38,48.38,0.0,48.38
2020-04-06,49.58,49.58,49.58,49.58,0.0,49.58
2020-04-07,50.75,50.75,50.75,50.75,0.0,50.75
2020-04-08,50.21,50.21,50.21,50.21,0.0,50.21
2020-04-09,50.34,50.34,50.34,50.34,0.0,50.34
2020-04-13,50.42,50.42,50.42,50.42,0.0,50.42
2020-04-14,51.24,51.24,51.24,51.24,0.0,51.24
2020-04-15,49.6,49.6,49.6,49.6,0.0,49.6
2020-04-16,49.58,49.58,49.58,49.58,0.0,49.58
2020-04-17,49.47,49.47,49.47,49.47,0.0,49.47
2020-04-20,49.65,49.65,49.65,49.65,0.0,49.65
2020-04-21,47.23,47.23,47.23,47.23,0.0,47.23
2020-04-22,48.79,48.79,48.79,48.79,0.0,48.79
2020-04-23,48.22,48.22,48.22,48.22,0.0,48.22
2020-04-24,47.81,47.81,47.81,47.81,0.0,47.81
2020-04-27,47.57,47.57,47.57,47.57,0.0,47.57
2020-04-28,47.7,47.7,47.7,47.7,0.0,47.7
2020-04-29,47.49,47.49,47.49,47.49,0.0,47.49
2020-04-30,48.6,48.6,48.6,48.6,0.0,48.6
2020-05-01,47.7,47.7,47.7,47.7,0.0,47.7
2020-05-04,47.02,47.02,47.02,47.02,0.0,47.02
2020-05-05,47.49,47.49,47.49,47.49,0.0,47.49
2020-05-06,47.22,47.22,47.22,47.22,0.0,47.22
2020-05-07,47.83,47.83,47.83,47.83,0.0,47.83
2020-05-08,49.66,49.66,49.66,49.66,0.0,49.66
2020-05-11,48.5,48.5,48.5,48.5,0.0,48.5
2020-05-12,48.44,48.44,48.44,48.44,0.0,48.44
2020-05-13,48.76,48.76,48.76,48.76,0.0,48.76
2020-05-14,48.88,48.88,48.88,48.88,0.0,48.88
2020-05-15,48.74,48.74,48.74,48.74,0.0,48.74
2020-05-18,49.8,49.8,49.8,49.8,0.0,49.8
2020-05-19,49.28,49.28,49.28,49.28,0.0,49.28
2020-05-20,50.0,50.0,50.0,50.0,0.0,50.0
2020-05-21,49.77,49.77,49.77,49.77,0.0,49.77
2020-05-22,49.67,49.67,49.67,49.67,0.0,49.67
2020-05-26,50.99,50.99,50.99,50.99,0.0,50.99
2020-05-27,50.88,50.88,50.88,50.88,0.0,50.88
2020-05-28,51.62,51.62,51.62,51.62,0.0,51.62
2020-05-29,51.64,51.64,51.64,51.64,0.0,51.64
2020-06-01,51.82,51.82,51.82,51.82,0.0,51.82
2020-06-02,52.11,52.11,52.11,52.11,0.0,52.11
2020-06-03,52.18,52.18,52.18,52.18,0.0,52.18
2020-06-04,52.6,52.6,52.6,52.6,0.0,52.6
2020-06-05,52.87,52.87,52.87,52.87,0.0,52.87
2020-06-08,51.52,51.52,51.52,51.52,0.0,51.52
2020-06-09,52.08,52.08,52.08,52.08,0.0,52.08
2020-06-10,52.19,52.19,52.19,52.19,0.0,52.19
2020-06-11,50.06,50.06,50.06,50.06,0.0,50.06
2020-06-12,49.74,49.74,49.74,49.74,0.0,49.74
2020-06-15,50.73,50.73,50.73,50.73,0.0,50.73
2020-06-16,50.97,50.97,50.97,50.97,0.0,50.97
2020-06-17,50.16,50.16,50.16,50.16,0.0,50.16
2020-06-18,49.88,49.88,49.88,49.88,0.0,49.88
2020-06-19,49.78,49.78,49.78,49.78,0.0,49.78
2020-06-22,50.37,50.37,50.37,50.37,0.0,50.37
2020-06-23,50.09,50.09,50.09,50.09,0.0,50.09
2020-06-24,49.05,49.05,49.05,49.05,0.0,49.05
2020-06-25,49.36,49.36,49.36,49.36,0.0,49.36
2020-06-26,49.41,49.41,49.41,49.41,0.0,49.41
2020-06-29,50.41,50.41,50.41,50.41,0.0,50.41
2020-06-30,49.62,49.62,49.62,49.62,0.0,49.62
2020-07-01,50.03,50.03,50.03,50.03,0.0,50.03
2020-07-02,50.56,50.56,50.56,50.56,0.0,50.56
2020-07-06,50.74,50.74,50.74,50.74,0.0,50.74
2020-07-07,50.87,50.87,50.87,50.87,0.0,50.87
2020-07-08,51.57,51.57,51.57,51.57,0.0,51.57
2020-07-09,51.61,51.61,51.61,51.61,0.0,51.61
2020-07-10,51.77,51.77,51.77,51.77,0.0,51.77
2020-07-13,51.41,51.41,51.41,51.41,0.0,51.41
2020-07-14,51.76,51.76,51.76,51.76,0.0,51.76
2020-07-15,51.9,51.9,51.9,51.9,0.0,51.9
2020-07-22,51.9,51.9,51.9,51.9,0.0,51.9
2020-07-23,51.53,51.53,51.53,51.53,0.0,51.53
2020-07-24,52.2,52.2,52.2,52.2,0.0,52.2
2020-07-27,52.61,52.61,52.61,52.61,0.0,52.61
2020-07-28,52.37,52.37,52.37,52.37,0.0,52.37
2020-07-29,52.55,52.55,52.55,52.55,0.0,52.55
2020-07-30,51.72,51.72,51.72,51.72,0.0,51.72
2020-07-31,52.01,52.01,52.01,52.01,0.0,52.01
2020-08-03,52.89,52.89,52.89,52.89,0.0,52.89
2020-08-04,52.82,52.82,52.82,52.82,0.0,52.82
2020-08-05,52.89,52.89,52.89,52.89,0.0,52.89
2020-08-06,52.81,52.81,52.81,52.81,0.0,52.81
2020-08-07,52.27,52.27,52.27,52.27,0.0,52.27
2020-08-10,52.51,52.51,52.51,52.51,0.0,52.51
2020-08-11,52.32,52.32,52.32,52.32,0.0,52.32
2020-08-12,52.77,52.77,52.77,52.77,0.0,52.77
2020-08-13,52.61,52.61,52.61,52.61,0.0,52.61
2020-08-14,52.46,52.46,52.46,52.46,0.0,52.46
2020-08-17,53.15,53.15,53.15,53.15,0.0,53.15
2020-08-18,52.94,52.94,52.94,52.94,0.0,52.94
2020-08-19,53.14,53.14,53.14,53.14,0.0,53.14
2020-08-20,53.0,53.0,53.0,53.0,0.0,53.0
2020-08-21,52.64,52.64,52.64,52.64,0.0,52.64
2020-08-24,53.26,53.26,53.26,53.26,0.0,53.26
2020-08-25,53.54,53.54,53.54,53.54,0.0,53.54
2020-08-26,53.51,53.51,53.51,53.51,0.0,53.51
2020-08-27,53.0,53.0,53.0,53.0,0.0,53.0
2020-08-28,53.67,53.67,53.67,53.67,0.0,53.67
2020-08-31,52.93,52.93,52.93,52.93,0.0,52.93
2020-09-01,53.26,53.26,53.26,53.26,0.0,53.26
2020-09-02,52.68,52.68,52.68,52.68,0.0,52.68
2020-09-03,53.09,53.09,53.09,53.09,0.0,53.09
2020-09-04,52.69,52.69,52.69,52.69,0.0,52.69
2020-09-08,51.11,51.11,51.11,51.11,0.0,51.11
2020-09-09,51.63,51.63,51.63,51.63,0.0,51.63
2020-09-10,51.44,51.44,51.44,51.44,0.0,51.44
2020-09-11,51.29,51.29,51.29,51.29,0.0,51.29
2020-09-14,51.63,51.63,51.63,51.63,0.0,51.63
2020-09-15,52.33,52.33,52.33,52.33,0.0,52.33
2020-09-16,52.35,52.35,52.35,52.35,0.0,52.35
2020-09-17,52.5,52.5,52.5,52.5,0.0,52.5
2020-09-18,52.28,52.28,52.28,52.28,0.0,52.28
2020-09-21,51.27,51.27,51.27,51.27,0.0,51.27
2020-09-22,51.29,51.29,51.29,51.29,0.0,51.29
2020-09-23,51.27,51.27,51.27,51.27,0.0,51.27
2020-09-24,51.51,51.51,51.51,51.51,0.0,51.51
2020-09-25,51.2,51.2,51.2,51.2,0.0,51.2
2020-09-28,51.1,51.1,51.1,51.1,0.0,51.1
2020-09-29,50.0,50.0,50.0,50.0,0.0,50.0
2020-09-30,50.46,50.46,50.46,50.46,0.0,50.46
2020-10-01,50.03,50.03,50.03,50.03,0.0,50.03
2020-10-02,48.96,48.96,48.96,48.96,0.0,48.96
2020-10-05,50.02,50.02,50.02,50.02,0.0,50.02
2020-10-06,50.55,50.55,50.55,50.55,0.0,50.55
2020-10-07,49.9,49.9,49.9,49.9,0.0,49.9
2020-10-08,50.25,50.25,50.25,50.25,0.0,50.25
2020-10-09,49.58,49.58,49.58,49.58,0.0,49.58
2020-10-12,49.05,49.05,49.05,49.05,0.0,49.05
2020-10-13,49.3,49.3,49.3,49.3,0.0,49.3
2020-10-14,49.73,49.73,49.73,49.73,0.0,49.73
2020-10-15,50.0,50.0,50.0,50.0,0.0,50.0
2020-10-16,49.94,49.94,49.94,49.94,0.0,49.94
2020-10-19,49.82,49.82,49.82,49.82,0.0,49.82
2020-10-20,50.08,50.08,50.08,50.08,0.0,50.08
2020-10-21,49.06,49.06,49.06,49.06,0.0,49.06
2020-10-22,49.39,49.39,49.39,49.39,0.0,49.39
2020-10-23,48.81,48.81,48.81,48.81,0.0,48.81
2020-10-26,48.14,48.14,48.14,48.14,0.0,48.14
2020-10-27,48.62,48.62,48.62,48.62,0.0,48.62
2020-10-28,47.54,47.54,47.54,47.54,0.0,47.54
2020-10-29,46.61,46.61,46.61,46.61,0.0,46.61
2020-10-30,47.04,47.04,47.04,47.04,0.0,47.04
2020-11-02,47.98,47.98,47.98,47.98,0.0,47.98
2020-11-03,47.88,47.88,47.88,47.88,0.0,47.88
2020-11-04,48.61,48.61,48.61,48.61,0.0,48.61
2020-11-05,48.32,48.32,48.32,48.32,0.0,48.32
2020-11-06,47.49,47.49,47.49,47.49,0.0,47.49
2020-11-09,48.88,48.88,48.88,48.88,0.0,48.88
2020-11-10,48.87,48.87,48.87,48.87,0.0,48.87
2020-11-11,49.41,49.41,49.41,49.41,0.0,49.41
2020-11-12,49.23,49.23,49.23,49.23,0.0,49.23
2020-11-13,48.62,48.62,48.62,48.62,0.0,48.62
2020-11-16,48.89,48.89,48.89,48.89,0.0,48.89
2020-11-17,48.72,48.72,48.72,48.72,0.0,48.72
2020-11-18,48.9,48.9,48.9,48.9,0.0,48.9
2020-11-19,48.56,48.56,48.56,48.56,0.0,48.56
2020-11-20,48.68,48.68,48.68,48.68,0.0,48.68
2020-11-23,48.94,48.94,48.94,48.94,0.0,48.94
2020-11-24,49.04,49.04,49.04,49.04,0.0,49.04
2020-11-25,50.0,50.0,50.0,50.0,0.0,50.0
2020-11-27,49.88,49.88,49.88,49.88,0.0,49.88
2020-11-30,49.58,49.58,49.58,49.58,0.0,49.58
2020-12-01,48.42,48.42,48.42,48.42,0.0,48.42
2020-12-02,47.9,47.9,47.9,47.9,0.0,47.9
2020-12-03,47.16,47.16,47.16,47.16,0.0,47.16
2020-12-04,47.85,47.85,47.85,47.85,0.0,47.85
2020-12-07,47.88,47.88,47.88,47.88,0.0,47.88
2020-12-08,48.02,48.02,48.02,48.02,0.0,48.02
2020-12-09,47.86,47.86,47.86,47.86,0.0,47.86
2020-12-10,48.19,48.19,48.19,48.19,0.0,48.19
2020-12-11,47.99,47.99,47.99,47.99,0.0,47.99
2020-12-14,48.53,48.53,48.53,48.53,0.0,48.53
2020-12-15,49.0,49.0,49.0,49.0,0.0,49.0
2020-12-16,49.12,49.12,49.12,49.12,0.0,49.12
2020-12-17,49.65,49.65,49.65,49.65,0.0,49.65
2020-12-18,49.82,49.82,49.82,49.82,0.0,49.82
2020-12-21,49.27,49.27,49.27,49.27,0.0,49.27
2020-12-22,48.87,48.87,48.87,48.87,0.0,48.87
2020-12-23,49.48,49.48,49.48,49.48,0.0,49.48
2020-12-24,49.73,49.73,49.73,49.73,0.0,49.73
2020-12-28,49.21,49.21,49.21,49.21,0.0,49.21
2020-12-29,49.49,49.49,49.49,49.49,0.0,49.49
2020-12-30,49.46,49.46,49.46,49.46,0.0,49.46
2020-12-31,49.26,49.26,49.26,49.26,0.0,49.26
2021-01-04,48.91,48.91,48.91,48.91,0.0,48.91
2021-01-05,49.1,49.1,49.1,49.1,0.0,49.1
2021-01-06,48.6,48.6,48.6,48.6,0.0,48.6
2021-01-07,49.04,49.04,49.04,49.04,0.0,49.04
2021-01-08,49.55,49.55,49.55,49.55,0.0,49.55
2021-01-11,49.82,49.82,49.82,49.82,0.0,49.82
2021-01-12,50.13,50.13,50.13,50.13,0.0,50.13
2021-01-13,50.74,50.74,50.74,50.74,0.0,50.74
2021-01-14,50.88,50.88,50.88,50.88,0.0,50.88
2021-01-15,50.72,50.72,50.72,50.72,0.0,50.72
2021-01-19,50.75,50.75,50.75,50.75,0.0,50.75
2021-01-20,50.53,50.53,50.53,50.53,0.0,50.53
2021-01-21,50.47,50.47,50.47,50.47,0.0,50.47
2021-01-22,50.14,50.14,50.14,50.14,0.0,50.14
2021-01-25,50.43,50.43,50.43,50.43,0.0,50.43
2021-01-26,50.22,50.22,50.22,50.22,0.0,50.22
2021-01-27,50.49,50.49,50.49,50.49,0.0,50.49
2021-01-28,50.14,50.14,50.14,50.14,0.0,50.14
2021-01-29,50.08,50.08,50.08,50.08,0.0,50.08
2021-02-01,50.55,50.55,50.55,50.55,0.0,50.55
2021-02-02,50.79,50.79,50.79,50.79,0.0,50.79
2021-02-03,50.77,50.77,50.77,50.77,0.0,50.77
2021-02-04,50.88,50.88,50.88,50.88,0.0,50.88
2021-02-05,51.1,51.1,51.1,51.1,0.0,51.1
2021-02-08,51.92,51.92,51.92,51.92,0.0,51.92
2021-02-09,52.15,52.15,52.15,52.15,0.0,52.15
2021-02-10,52.41,52.41,52.41,52.41,0.0,52.41
2021-02-11,52.32,52.32,52.32,52.32,0.0,52.32
2021-02-12,52.61,52.61,52.61,52.61,0.0,52.61
2021-02-16,52.96,52.96,52.96,52.96,0.0,52.96
2021-02-17,53.27,53.27,53.27,53.27,0.0,53.27
2021-02-18,53.34,53.34,53.34,53.34,0.0,53.34
2021-02-19,53.65,53.65,53.65,53.65,0.0,53.65
2021-02-22,54.58,54.58,54.58,54.58,0.0,54.58
2021-02-23,54.69,54.69,54.69,54.69,0.0,54.69
2021-02-24,55.52,55.52,55.52,55.52,0.0,55.52
2021-02-25,55.31,55.31,55.31,55.31,0.0,55.31
2021-02-26,54.3,54.3,54.3,54.3,0.0,54.3
2021-03-01,54.0,54.0,54.0,54.0,0.0,54.0
2021-03-02,54.36,54.36,54.36,54.36,0.0,54.36
2021-03-03,54.94,54.94,54.94,54.94,0.0,54.94
2021-03-04,55.5,55.5,55.5,55.5,0.0,55.5
2021-03-05,56.57,56.57,56.57,56.57,0.0,56.57
2021-03-08,55.98,55.98,55.98,55.98,0.0,55.98
2021-03-09,55.71,55.71,55.71,55.71,0.0,55.71
2021-03-10,55.49,55.49,55.49,55.49,0.0,55.49
2021-03-11,55.87,55.87,55.87,55.87,0.0,55.87
2021-03-12,55.79,55.79,55.79,55.79,0.0,55.79
2021-03-15,55.61,55.61,55.61,55.61,0.0,55.61
2021-03-16,55.6,55.6,55.6,55.6,0.0,55.6
2021-03-17,55.98,55.98,55.98,55.98,0.0,55.98
2021-03-18,55.0,55.0,55.0,55.0,0.0,55.0
2021-03-19,54.87,54.87,54.87,54.87,0.0,54.87
2021-03-22,55.02,55.02,55.02,55.02,0.0,55.02
2021-03-23,54.25,54.25,54.25,54.25,0.0,54.25
2021-03-24,54.93,54.93,54.93,54.93,0.0,54.93
2021-03-25,53.53,53.53,53.53,53.53,0.0,53.53
2021-03-26,54.74,54.74,54.74,54.74,0.0,54.74
2021-03-29,54.59,54.59,54.59,54.59,0.0,54.59
2021-03-30,54.36,54.36,54.36,54.36,0.0,54.36
2021-03-31,53.77,53.77,53.77,53.77,0.0,53.77
2021-04-01,56.01,56.01,56.01,56.01,0.0,56.01
2019-04-05,60.5,60.5,60.5,60.5,0.0,60.5
2019-04-08,60.47,60.47,60.47,60.47,0.0,60.47
2019-04-09,60.69,60.69,60.69,60.69,0.0,60.69
2019-04-10,60.88,60.88,60.88,60.88,0.0,60.88
2019-04-11,60.85,60.85,60.85,60.85,0.0,60.85
2019-04-12,61.27,61.27,61.27,61.27,0.0,61.27
2019-04-15,61.83,61.83,61.83,61.83,0.0,61.83
2019-04-16,61.84,61.84,61.84,61.84,0.0,61.84
2019-04-17,61.65,61.65,61.65,61.65,0.0,61.65
2019-04-18,61.53,61.53,61.53,61.53,0.0,61.53
2019-04-22,61.56,61.56,61.56,61.56,0.0,61.56
2019-04-23,61.87,61.87,61.87,61.87,0.0,61.87
2019-04-24,61.8,61.8,61.8,61.8,0.0,61.8
2019-04-25,61.42,61.42,61.42,61.42,0.0,61.42
2019-04-26,61.32,61.32,61.32,61.32,0.0,61.32
2019-04-29,61.03,61.03,61.03,61.03,0.0,61.03
2019-04-30,60.96,60.96,60.96,60.96,0.0,60.96
2019-05-01,61.31,61.31,61.31,61.31,0.0,61.31
2019-05-02,60.5,60.5,60.5,60.5,0.0,60.5
2019-05-03,60.29,60.29,60.29,60.29,0.0,60.29
2019-05-06,60.88,60.88,60.88,60.88,0.0,60.88
2019-05-07,60.06,60.06,60.06,60.06,0.0,60.06
2019-05-08,60.64,60.64,60.64,60.64,0.0,60.64
2019-05-09,60.2,60.2,60.2,60.2,0.0,60.2
2019-05-10,59.88,59.88,59.88,59.88,0.0,59.88
2019-05-13,59.73,59.73,59.73,59.73,0.0,59.73
2019-05-14,59.9,59.9,59.9,59.9,0.0,59.9
2019-05-15,60.03,60.03,60.03,60.03,0.0,60.03
2019-05-16,59.97,59.97,59.97,59.97,0.0,59.97
2019-05-17,59.65,59.65,59.65,59.65,0.0,59.65
2019-05-20,60.06,60.06,60.06,60.06,0.0,60.06
2019-05-21,60.03,60.03,60.03,60.03,0.0,60.03
2019-05-22,59.82,59.82,59.82,59.82,0.0,59.82
2019-05-23,58.93,58.93,58.93,58.93,0.0,58.93
2019-05-24,60.12,60.12,60.12,60.12,0.0,60.12
2019-05-28,60.33,60.33,60.33,60.33,0.0,60.33
2019-05-29,60.64,60.64,60.64,60.64,0.0,60.64
2019-05-30,59.5,59.5,59.5,59.5,0.0,59.5
2019-05-31,58.86,58.86,58.86,58.86,0.0,58.86
2019-06-03,59.2,59.2,59.2,59.2,0.0,59.2
2019-06-04,58.97,58.97,58.97,58.97,0.0,58.97
2019-06-05,57.82,57.82,57.82,57.82,0.0,57.82
2019-06-06,58.72,58.72,58.72,58.72,0.0,58.72
2019-06-07,59.73,59.73,59.73,59.73,0.0,59.73
2019-06-10,60.15,60.15,60.15,60.15,0.0,60.15
2019-06-11,60.61,60.61,60.61,60.61,0.0,60.61
2019-06-12,59.35,59.35,59.35,59.35,0.0,59.35
2019-06-13,59.98,59.98,59.98,59.98,0.0,59.98
2019-06-14,60.13,60.13,60.13,60.13,0.0,60.13
2019-06-17,59.91,59.91,59.91,59.91,0.0,59.91
2019-06-18,60.56,60.56,60.56,60.56,0.0,60.56
2019-06-19,60.2,60.2,60.2,60.2,0.0,60.2
2019-06-20,60.9,60.9,60.9,60.9,0.0,60.9
2019-06-21,60.81,60.81,60.81,60.81,0.0,60.81
2019-06-24,60.99,60.99,60.99,60.99,0.0,60.99
2019-06-25,61.22,61.22,61.22,61.22,0.0,61.22
2019-06-26,61.27,61.27,61.27,61.27,0.0,61.27
2019-06-27,61.14,61.14,61.14,61.14,0.0,61.14
2019-06-28,60.69,60.69,60.69,60.69,0.0,60.69
2019-07-01,60.66,60.66,60.66,60.66,0.0,60.66
2019-07-02,59.99,59.99,59.99,59.99,0.0,59.99
2019-07-05,60.23,60.23,60.23,60.23,0.0,60.23
2019-07-08,60.57,60.57,60.57,60.57,0.0,60.57
2019-07-09,61.16,61.16,61.16,61.16,0.0,61.16
2019-07-10,61.64,61.64,61.64,61.64,0.0,61.64
2019-07-11,60.97,60.97,60.97,60.97,0.0,60.97
2019-07-12,60.43,60.43,60.43,60.43,0.0,60.43
2019-07-15,60.1,60.1,60.1,60.1,0.0,60.1
2019-07-16,59.31,59.31,59.31,59.31,0.0,59.31
2019-07-17,59.47,59.47,59.47,59.47,0.0,59.47
2019-07-18,58.57,58.57,58.57,58.57,0.0,58.57
2019-07-25,59.34,59.34,59.34,59.34,0.0,59.34
2019-07-26,59.77,59.77,59.77,59.77,0.0,59.77
2019-07-29,59.02,59.02,59.02,59.02,0.0,59.02
2019-07-30,59.32,59.32,59.32,59.32,0.0,59.32
2019-07-31,59.61,59.61,59.61,59.61,0.0,59.61
2019-08-01,57.84,57.84,57.84,57.84,0.0,57.84
2019-08-02,59.36,59.36,59.36,59.36,0.0,59.36
2019-08-05,59.37,59.37,59.37,59.37,0.0,59.37
2019-08-06,59.03,59.03,59.03,59.03,0.0,59.03
2019-08-07,59.18,59.18,59.18,59.18,0.0,59.18
2019-08-08,59.29,59.29,59.29,59.29,0.0,59.29
2019-08-09,59.68,59.68,59.68,59.68,0.0,59.68
2019-08-12,59.79,59.79,59.79,59.79,0.0,59.79
2019-08-13,61.43,61.43,61.43,61.43,0.0,61.43
2019-08-14,59.93,59.93,59.93,59.93,0.0,59.93
2019-08-15,59.29,59.29,59.29,59.29,0.0,59.29
2019-08-16,59.24,59.24,59.24,59.24,0.0,59.24
2019-08-19,59.26,59.26,59.26,59.26,0.0,59.26
2019-08-20,59.0,59.0,59.0,59.0,0.0,59.0
2019-08-21,59.13,59.13,59.13,59.13,0.0,59.13
2019-08-22,58.65,58.65,58.65,58.65,0.0,58.65
2019-08-23,58.73,58.73,58.73,58.73,0.0,58.73
2019-08-26,58.72,58.72,58.72,58.72,0.0,58.72
2019-08-27,59.22,59.22,59.22,59.22,0.0,59.22
2019-08-28,59.17,59.17,59.17,59.17,0.0,59.17
2019-08-29,59.09,59.09,59.09,59.09,0.0,59.09
2019-08-30,58.33,58.33,58.33,58.33,0.0,58.33
2019-09-03,58.51,58.51,58.51,58.51,0.0,58.51
2019-09-04,59.25,59.25,59.25,59.25,0.0,59.25
2019-09-05,59.3,59.3,59.3,59.3,0.0,59.3
2019-09-06,59.29,59.29,59.29,59.29,0.0,59.29
2019-09-09,59.43,59.43,59.43,59.43,0.0,59.43
2019-09-10,59.67,59.67,59.67,59.67,0.0,59.67
2019-09-11,58.97,58.97,58.97,58.97,0.0,58.97
2019-09-12,58.74,58.74,58.74,58.74,0.0,58.74
2019-09-13,58.04,58.04,58.04,58.04,0.0,58.04
2019-09-16,58.88,58.88,58.88,58.88,0.0,58.88
2019-09-17,58.66,58.66,58.66,58.66,0.0,58.66
2019-09-18,58.08,58.08,58.08,58.08,0.0,58.08
2019-09-19,57.87,57.87,57.87,57.87,0.0,57.87
2019-09-20,58.23,58.23,58.23,58.23,0.0,58.23
2019-09-23,58.95,58.95,58.95,58.95,0.0,58.95
2019-09-24,58.43,58.43,58.43,58.43,0.0,58.43
2019-09-25,58.54,58.54,58.54,58.54,0.0,58.54
2019-09-26,58.74,58.74,58.74,58.74,0.0,58.74
2019-09-27,58.55,58.55,58.55,58.55,0.0,58.55
2019-09-30,58.09,58.09,58.09,58.09,0.0,58.09
2019-10-01,58.37,58.37,58.37,58.37,0.0,58.37
2019-10-02,58.4,58.4,58.4,58.4,0.0,58.4
2019-10-03,57.99,57.99,57.99,57.99,0.0,57.99
2019-10-04,58.85,58.85,58.85,58.85,0.0,58.85
2019-10-07,58.59,58.59,58.59,58.59,0.0,58.59
2019-10-08,58.51,58.51,58.51,58.51,0.0,58.51
2019-10-09,58.45,58.45,58.45,58.45,0.0,58.45
2019-10-10,57.94,57.94,57.94,57.94,0.0,57.94
2019-10-11,57.85,57.85,57.85,57.85,0.0,57.85
2019-10-14,57.97,57.97,57.97,57.97,0.0,57.97
2019-10-15,57.48,57.48,57.48,57.48,0.0,57.48
2019-10-16,57.72,57.72,57.72,57.72,0.0,57.72
2019-10-17,57.68,57.68,57.68,57.68,0.0,57.68
2019-10-18,57.49,57.49,57.49,57.49,0.0,57.49
2019-10-21,57.71,57.71,57.71,57.71,0.0,57.71
2019-10-22,57.7,57.7,57.7,57.7,0.0,57.7
2019-10-23,58.12,58.12,58.12,58.12,0.0,58.12
2019-10-24,58.3,58.3,58.3,58.3,0.0,58.3
2019-10-25,58.46,58.46,58.46,58.46,0.0,58.46
2019-10-28,58.22,58.22,58.22,58.22,0.0,58.22
2019-10-29,58.4,58.4,58.4,58.4,0.0,58.4
2019-10-30,57.61,57.61,57.61,57.61,0.0,57.61
2019-10-31,57.79,57.79,57.79,57.79,0.0,57.79
2019-11-01,59.03,59.03,59.03,59.03,0.0,59.03
2019-11-04,58.74,58.74,58.74,58.74,0.0,58.74
2019-11-05,58.97,58.97,58.97,58.97,0.0,58.97
2019-11-06,58.16,58.16,58.16,58.16,0.0,58.16
2019-11-07,58.09,58.09,58.09,58.09,0.0,58.09
2019-11-08,58.35,58.35,58.35,58.35,0.0,58.35
2019-11-11,58.14,58.14,58.14,58.14,0.0,58.14
2019-11-12,58.22,58.22,58.22,58.22,0.0,58.22
2019-11-13,58.4,58.4,58.4,58.4,0.0,58.4
2019-11-14,57.84,57.84,57.84,57.84,0.0,57.84
2019-11-15,58.24,58.24,58.24,58.24,0.0,58.24
2019-11-18,57.95,57.95,57.95,57.95,0.0,57.95
2019-11-19,57.58,57.58,57.58,57.58,0.0,57.58
2019-11-20,58.22,58.22,58.22,58.22,0.0,58.22
2019-11-21,58.61,58.61,58.61,58.61,0.0,58.61
2019-11-22,58.1,58.1,58.1,58.1,0.0,58.1
2019-11-25,58.14,58.14,58.14,58.14,0.0,58.14
2019-11-26,58.09,58.09,58.09,58.09,0.0,58.09
2019-11-27,57.61,57.61,57.61,57.61,0.0,57.61
2019-11-29,56.73,56.73,56.73,56.73,0.0,56.73
2019-12-02,57.44,57.44,57.44,57.44,0.0,57.44
2019-12-03,57.5,57.5,57.5,57.5,0.0,57.5
2019-12-04,58.09,58.09,58.09,58.09,0.0,58.09
2019-12-05,57.68,57.68,57.68,57.68,0.0,57.68
2019-12-06,57.38,57.38,57.38,57.38,0.0,57.38
2019-12-09,57.46,57.46,57.46,57.46,0.0,57.46
2019-12-10,57.48,57.48,57.48,57.48,0.0,57.48
2019-12-11,57.33,57.33,57.33,57.33,0.0,57.33
2019-12-12,57.48,57.48,57.48,57.48,0.0,57.48
2019-12-13,57.31,57.31,57.31,57.31,0.0,57.31
2019-12-16,57.7,57.7,57.7,57.7,0.0,57.7
2019-12-17,57.4,57.4,57.4,57.4,0.0,57.4
2019-12-18,57.39,57.39,57.39,57.39,0.0,57.39
2019-12-19,57.54,57.54,57.54,57.54,0.0,57.54
2019-12-20,57.51,57.51,57.51,57.51,0.0,57.51
2019-12-23,57.54,57.54,57.54,57.54,0.0,57.54
2019-12-24,57.7,57.7,57.7,57.7,0.0,57.7
2019-12-26,57.63,57.63,57.63,57.63,0.0,57.63
2019-12-27,57.89,57.89,57.89,57.89,0.0,57.89
2019-12-30,58.02,58.02,58.02,58.02,0.0,58.02
2019-12-31,57.69,57.69,57.69,57.69,0.0,57.69
2020-01-02,58.09,58.09,58.09,58.09,0.0,58.09
2020-01-03,57.67,57.67,57.67,57.67,0.0,57.67
2020-01-06,57.62,57.62,57.62,57.62,0.0,57.62
2020-01-07,58.01,58.01,58.01,58.01,0.0,58.01
2020-01-08,57.44,57.44,57.44,57.44,0.0,57.44
2020-01-09,57.67,57.67,57.67,57.67,0.0,57.67
2020-01-10,57.34,57.34,57.34,57.34,0.0,57.34
2020-01-13,57.32,57.32,57.32,57.32,0.0,57.32
2020-01-14,57.38,57.38,57.38,57.38,0.0,57.38
2020-01-15,57.27,57.27,57.27,57.27,0.0,57.27
2020-01-16,57.41,57.41,57.41,57.41,0.0,57.41
2020-01-17,57.4,57.4,57.4,57.4,0.0,57.4
2020-01-21,57.71,57.71,57.71,57.71,0.0,57.71
2020-01-22,57.26,57.26,57.26,57.26,0.0,57.26
2020-01-23,56.34,56.34,56.34,56.34,0.0,56.34
2020-01-24,55.79,55.79,55.79,55.79,0.0,55.79
2020-01-27,56.07,56.07,56.07,56.07,0.0,56.07
2020-01-28,55.96,55.96,55.96,55.96,0.0,55.96
2020-01-29,55.95,55.95,55.95,55.95,0.0,55.95
2020-01-30,56.15,56.15,56.15,56.15,0.0,56.15
2020-01-31,56.24,56.24,56.24,56.24,0.0,56.24
2020-02-03,56.51,56.51,56.51,56.51,0.0,56.51
2020-02-04,56.33,56.33,56.33,56.33,0.0,56.33
2020-02-05,56.58,56.58,56.58,56.58,0.0,56.58
2020-02-06,57.16,57.16,57.16,57.16,0.0,57.16
2020-02-07,57.28,57.28,57.28,57.28,0.0,57.28
2020-02-10,57.23,57.23,57.23,57.23,0.0,57.23
2020-02-11,56.82,56.82,56.82,56.82,0.0,56.82
2020-02-12,56.65,56.65,56.65,56.65,0.0,56.65
2020-02-13,56.25,56.25,56.25,56.25,0.0,56.25
2020-02-14,56.32,56.32,56.32,56.32,0.0,56.32
2020-02-18,57.08,57.08,57.08,57.08,0.0,57.08
2020-02-19,57.15,57.15,57.15,57.15,0.0,57.15
2020-02-20,57.35,57.35,57.35,57.35,0.0,57.35
2020-02-21,57.29,57.29,57.29,57.29,0.0,57.29
2020-02-24,57.37,57.37,57.37,57.37,0.0,57.37
2020-02-25,56.18,56.18,56.18,56.18,0.0,56.18
2020-02-26,55.79,55.79,55.79,55.79,0.0,55.79
2020-02-27,55.79,55.79,55.79,55.79,0.0,55.79
2020-02-28,54.54,54.54,54.54,54.54,0.0,54.54
2020-03-02,55.28,55.28,55.28,55.28,0.0,55.28
2020-03-03,55.55,55.55,55.55,55.55,0.0,55.55
2020-03-04,55.67,55.67,55.67,55.67,0.0,55.67
2020-03-05,55.42,55.42,55.42,55.42,0.0,55.42
2020-03-06,55.1,55.1,55.1,55.1,0.0,55.1
2020-03-09,52.28,52.28,52.28,52.28,0.0,52.28
2020-03-10,53.25,53.25,53.25,53.25,0.0,53.25
2020-03-11,53.62,53.62,53.62,53.62,0.0,53.62
2020-03-12,54.32,54.32,54.32,54.32,0.0,54.32
2020-03-13,53.3,53.3,53.3,53.3,0.0,53.3
2020-03-16,50.93,50.93,50.93,50.93,0.0,50.93
2020-03-17,50.8,50.8,50.8,50.8,0.0,50.8
2020-03-18,47.97,47.97,47.97,47.97,0.0,47.97
2020-03-19,47.35,47.35,47.35,47.35,0.0,47.35
2020-03-20,46.44,46.44,46.44,46.44,0.0,46.44
2020-03-23,47.7,47.7,47.7,47.7,0.0,47.7
2020-03-24,48.33,48.33,48.33,48.33,0.0,48.33
2020-03-25,49.36,49.36,49.36,49.36,0.0,49.36
2020-03-26,48.71,48.71,48.71,48.71,0.0,48.71
2020-03-27,49.34,49.34,49.34,49.34,0.0,49.34
2020-03-30,49.52,49.52,49.52,49.52,0.0,49.52
2020-03-31,49.48,49.48,49.48,49.48,0.0,49.48
2020-04-01,48.59,48.59,48.59,48.59,0.0,48.59
2020-04-02,49.0,49.0,49.0,49.0,0.0,49.0
2020-04-03,48.38,48.38,48.38,48.38,0.0,48.38
2018-04-06,57.16,57.16,57.16,57.16,0.0,57.16
2018-04-09,57.24,57.24,57.24,57.24,0.0,57.24
2018-04-10,57.81,57.81,57.81,57.81,0.0,57.81
2018-04-11,58.36,58.36,58.36,58.36,0.0,58.36
2018-04-12,57.85,57.85,57.85,57.85,0.0,57.85
2018-04-13,57.79,57.79,57.79,57.79,0.0,57.79
2018-04-16,57.62,57.62,57.62,57.62,0.0,57.62
2018-04-17,57.5,57.5,57.5,57.5,0.0,57.5
2018-04-18,57.69,57.69,57.69,57.69,0.0,57.69
2018-04-19,58.22,58.22,58.22,58.22,0.0,58.22
2018-04-20,58.12,58.12,58.12,58.12,0.0,58.12
2018-04-23,58.76,58.76,58.76,58.76,0.0,58.76
2018-04-24,58.3,58.3,58.3,58.3,0.0,58.3
2018-04-25,58.32,58.32,58.32,58.32,0.0,58.32
2018-04-26,58.44,58.44,58.44,58.44,0.0,58.44
2018-04-27,58.19,58.19,58.19,58.19,0.0,58.19
2018-04-30,58.51,58.51,58.51,58.51,0.0,58.51
2018-05-01,58.34,58.34,58.34,58.34,0.0,58.34
2018-05-02,57.87,57.87,57.87,57.87,0.0,57.87
2018-05-03,58.09,58.09,58.09,58.09,0.0,58.09
2018-05-04,58.77,58.77,58.77,58.77,0.0,58.77
2018-05-07,59.25,59.25,59.25,59.25,0.0,59.25
2018-05-08,58.56,58.56,58.56,58.56,0.0,58.56
2018-05-09,60.1,60.1,60.1,60.1,0.0,60.1
2018-05-10,60.45,60.45,60.45,60.45,0.0,60.45
2018-05-11,60.74,60.74,60.74,60.74,0.0,60.74
2018-05-14,61.2,61.2,61.2,61.2,0.0,61.2
2018-05-15,61.71,61.71,61.71,61.71,0.0,61.71
2018-05-16,62.25,62.25,62.25,62.25,0.0,62.25
2018-05-17,62.74,62.74,62.74,62.74,0.0,62.74
2018-05-18,63.03,63.03,63.03,63.03,0.0,63.03
2018-05-21,63.47,63.47,63.47,63.47,0.0,63.47
2018-05-22,63.7,63.7,63.7,63.7,0.0,63.7
2018-05-23,63.55,63.55,63.55,63.55,0.0,63.55
2018-05-24,63.1,63.1,63.1,63.1,0.0,63.1
2018-05-25,62.18,62.18,62.18,62.18,0.0,62.18
2018-05-29,62.06,62.06,62.06,62.06,0.0,62.06
2018-05-30,62.87,62.87,62.87,62.87,0.0,62.87
2018-05-31,63.01,63.01,63.01,63.01,0.0,63.01
2018-06-01,63.19,63.19,63.19,63.19,0.0,63.19
2018-06-04,62.68,62.68,62.68,62.68,0.0,62.68
2018-06-05,62.26,62.26,62.26,62.26,0.0,62.26
2018-06-06,61.65,61.65,61.65,61.65,0.0,61.65
2018-06-07,62.3,62.3,62.3,62.3,0.0,62.3
2018-06-08,62.26,62.26,62.26,62.26,0.0,62.26
2018-06-11,62.49,62.49,62.49,62.49,0.0,62.49
2018-06-12,62.1,62.1,62.1,62.1,0.0,62.1
2018-06-13,63.33,63.33,63.33,63.33,0.0,63.33
2018-06-14,62.24,62.24,62.24,62.24,0.0,62.24
2018-06-15,60.35,60.35,60.35,60.35,0.0,60.35
2018-06-18,61.63,61.63,61.63,61.63,0.0,61.63
2018-06-19,61.63,61.63,61.63,61.63,0.0,61.63
2018-06-20,61.41,61.41,61.41,61.41,0.0,61.41
2018-06-21,61.08,61.08,61.08,61.08,0.0,61.08
2018-06-22,62.23,62.23,62.23,62.23,0.0,62.23
2018-06-25,62.08,62.08,62.08,62.08,0.0,62.08
2018-06-26,63.12,63.12,63.12,63.12,0.0,63.12
2018-06-27,63.05,63.05,63.05,63.05,0.0,63.05
2018-06-28,62.57,62.57,62.57,62.57,0.0,62.57
2018-06-29,61.83,61.83,61.83,61.83,0.0,61.83
2018-07-02,61.45,61.45,61.45,61.45,0.0,61.45
2018-07-05,62.04,62.04,62.04,62.04,0.0,62.04
2018-07-06,62.5,62.5,62.5,62.5,0.0,62.5
2018-07-09,62.72,62.72,62.72,62.72,0.0,62.72
2018-07-10,62.77,62.77,62.77,62.77,0.0,62.77
2018-07-11,61.61,61.61,61.61,61.61,0.0,61.61
2018-07-12,62.38,62.38,62.38,62.38,0.0,62.38
2018-07-13,61.65,61.65,61.65,61.65,0.0,61.65
2018-07-16,59.71,59.71,59.71,59.71,0.0,59.71
2018-07-17,60.4,60.4,60.4,60.4,0.0,60.4
2018-07-18,60.8,60.8,60.8,60.8,0.0,60.8
2018-07-19,60.67,60.67,60.67,60.67,0.0,60.67
2018-07-26,63.3,63.3,63.3,63.3,0.0,63.3
2018-07-27,62.72,62.72,62.72,62.72,0.0,62.72
2018-07-30,62.69,62.69,62.69,62.69,0.0,62.69
2018-07-31,62.18,62.18,62.18,62.18,0.0,62.18
2018-08-01,61.32,61.32,61.32,61.32,0.0,61.32
2018-08-02,62.29,62.29,62.29,62.29,0.0,62.29
2018-08-03,62.48,62.48,62.48,62.48,0.0,62.48
2018-08-06,63.12,63.12,63.12,63.12,0.0,63.12
2018-08-07,63.78,63.78,63.78,63.78,0.0,63.78
2018-08-08,62.39,62.39,62.39,62.39,0.0,62.39
2018-08-09,62.66,62.66,62.66,62.66,0.0,62.66
2018-08-10,63.03,63.03,63.03,63.03,0.0,63.03
2018-08-13,62.91,62.91,62.91,62.91,0.0,62.91
2018-08-14,63.41,63.41,63.41,63.41,0.0,63.41
2018-08-15,63.11,63.11,63.11,63.11,0.0,63.11
2018-08-16,63.43,63.43,63.43,63.43,0.0,63.43
2018-08-17,63.71,63.71,63.71,63.71,0.0,63.71
2018-08-20,63.9,63.9,63.9,63.9,0.0,63.9
2018-08-21,63.44,63.44,63.44,63.44,0.0,63.44
2018-08-22,64.49,64.49,64.49,64.49,0.0,64.49
2018-08-23,64.59,64.59,64.59,64.59,0.0,64.59
2018-08-24,64.86,64.86,64.86,64.86,0.0,64.86
2018-08-27,64.91,64.91,64.91,64.91,0.0,64.91
2018-08-28,64.56,64.56,64.56,64.56,0.0,64.56
2018-08-29,64.79,64.79,64.79,64.79,0.0,64.79
2018-08-30,64.75,64.75,64.75,64.75,0.0,64.75
2018-08-31,64.05,64.05,64.05,64.05,0.0,64.05
2018-09-04,64.33,64.33,64.33,64.33,0.0,64.33
2018-09-05,63.8,63.8,63.8,63.8,0.0,63.8
2018-09-06,63.34,63.34,63.34,63.34,0.0,63.34
2018-09-07,63.51,63.51,63.51,63.51,0.0,63.51
2018-09-10,63.55,63.55,63.55,63.55,0.0,63.55
2018-09-11,64.02,64.02,64.02,64.02,0.0,64.02
2018-09-12,64.72,64.72,64.72,64.72,0.0,64.72
2018-09-13,63.91,63.91,63.91,63.91,0.0,63.91
2018-09-14,63.96,63.96,63.96,63.96,0.0,63.96
2018-09-17,64.46,64.46,64.46,64.46,0.0,64.46
2018-09-18,64.65,64.65,64.65,64.65,0.0,64.65
2018-09-19,64.63,64.63,64.63,64.63,0.0,64.63
2018-09-20,64.2,64.2,64.2,64.2,0.0,64.2
2018-09-21,63.93,63.93,63.93,63.93,0.0,63.93
2018-09-24,64.7,64.7,64.7,64.7,0.0,64.7
2018-09-25,64.9,64.9,64.9,64.9,0.0,64.9
2018-09-26,64.81,64.81,64.81,64.81,0.0,64.81
2018-09-27,65.34,65.34,65.34,65.34,0.0,65.34
2018-09-28,65.61,65.61,65.61,65.61,0.0,65.61
2018-10-01,66.41,66.41,66.41,66.41,0.0,66.41
2018-10-02,66.46,66.46,66.46,66.46,0.0,66.46
2018-10-03,67.5,67.5,67.5,67.5,0.0,67.5
2018-10-04,66.55,66.55,66.55,66.55,0.0,66.55
2018-10-05,66.84,66.84,66.84,66.84,0.0,66.84
2018-10-08,66.79,66.79,66.79,66.79,0.0,66.79
2018-10-09,67.12,67.12,67.12,67.12,0.0,67.12
2018-10-10,65.73,65.73,65.73,65.73,0.0,65.73
2018-10-11,64.14,64.14,64.14,64.14,0.0,64.14
2018-10-12,63.95,63.95,63.95,63.95,0.0,63.95
2018-10-15,63.31,63.31,63.31,63.31,0.0,63.31
2018-10-16,62.98,62.98,62.98,62.98,0.0,62.98
2018-10-17,62.3,62.3,62.3,62.3,0.0,62.3
2018-10-18,61.84,61.84,61.84,61.84,0.0,61.84
2018-10-19,62.16,62.16,62.16,62.16,0.0,62.16
2018-10-22,63.28,63.28,63.28,63.28,0.0,63.28
2018-10-23,62.85,62.85,62.85,62.85,0.0,62.85
2018-10-24,62.48,62.48,62.48,62.48,0.0,62.48
2018-10-25,62.69,62.69,62.69,62.69,0.0,62.69
2018-10-26,63.82,63.82,63.82,63.82,0.0,63.82
2018-10-29,64.2,64.2,64.2,64.2,0.0,64.2
2018-10-30,63.0,63.0,63.0,63.0,0.0,63.0
2018-10-31,62.61,62.61,62.61,62.61,0.0,62.61
2018-11-01,60.92,60.92,60.92,60.92,0.0,60.92
2018-11-02,61.62,61.62,61.62,61.62,0.0,61.62
2018-11-05,62.2,62.2,62.2,62.2,0.0,62.2
2018-11-06,63.0,63.0,63.0,63.0,0.0,63.0
2018-11-07,65.48,65.48,65.48,65.48,0.0,65.48
2018-11-08,65.27,65.27,65.27,65.27,0.0,65.27
2018-11-09,64.83,64.83,64.83,64.83,0.0,64.83
2018-11-12,64.57,64.57,64.57,64.57,0.0,64.57
2018-11-13,63.31,63.31,63.31,63.31,0.0,63.31
2018-11-14,64.08,64.08,64.08,64.08,0.0,64.08
2018-11-15,62.68,62.68,62.68,62.68,0.0,62.68
2018-11-16,62.86,62.86,62.86,62.86,0.0,62.86
2018-11-19,63.45,63.45,63.45,63.45,0.0,63.45
2018-11-20,61.57,61.57,61.57,61.57,0.0,61.57
2018-11-21,62.76,62.76,62.76,62.76,0.0,62.76
2018-11-23,63.17,63.17,63.17,63.17,0.0,63.17
2018-11-26,63.19,63.19,63.19,63.19,0.0,63.19
2018-11-27,63.88,63.88,63.88,63.88,0.0,63.88
2018-11-28,63.73,63.73,63.73,63.73,0.0,63.73
2018-11-29,64.37,64.37,64.37,64.37,0.0,64.37
2018-11-30,62.87,62.87,62.87,62.87,0.0,62.87
2018-12-03,64.25,64.25,64.25,64.25,0.0,64.25
2018-12-04,64.37,64.37,64.37,64.37,0.0,64.37
2018-12-05,63.7,63.7,63.7,63.7,0.0,63.7
2018-12-06,63.02,63.02,63.02,63.02,0.0,63.02
2018-12-07,62.68,62.68,62.68,62.68,0.0,62.68
2018-12-10,61.23,61.23,61.23,61.23,0.0,61.23
2018-12-11,61.31,61.31,61.31,61.31,0.0,61.31
2018-12-12,61.35,61.35,61.35,61.35,0.0,61.35
2018-12-13,62.02,62.02,62.02,62.02,0.0,62.02
2018-12-14,61.42,61.42,61.42,61.42,0.0,61.42
2018-12-17,61.52,61.52,61.52,61.52,0.0,61.52
2018-12-18,60.23,60.23,60.23,60.23,0.0,60.23
2018-12-19,61.07,61.07,61.07,61.07,0.0,61.07
2018-12-20,60.09,60.09,60.09,60.09,0.0,60.09
2018-12-21,60.25,60.25,60.25,60.25,0.0,60.25
2018-12-24,59.05,59.05,59.05,59.05,0.0,59.05
2018-12-26,62.01,62.01,62.01,62.01,0.0,62.01
2018-12-27,60.49,60.49,60.49,60.49,0.0,60.49
2018-12-28,60.34,60.34,60.34,60.34,0.0,60.34
2018-12-31,60.92,60.92,60.92,60.92,0.0,60.92
2019-01-02,61.55,61.55,61.55,61.55,0.0,61.55
2019-01-03,61.92,61.92,61.92,61.92,0.0,61.92
2019-01-04,61.98,61.98,61.98,61.98,0.0,61.98
2019-01-07,61.95,61.95,61.95,61.95,0.0,61.95
2019-01-08,63.07,63.07,63.07,63.07,0.0,63.07
2019-01-09,64.23,64.23,64.23,64.23,0.0,64.23
2019-01-10,63.92,63.92,63.92,63.92,0.0,63.92
2019-01-11,63.18,63.18,63.18,63.18,0.0,63.18
2019-01-14,62.69,62.69,62.69,62.69,0.0,62.69
2019-01-15,63.44,63.44,63.44,63.44,0.0,63.44
2019-01-16,63.37,63.37,63.37,63.37,0.0,63.37
2019-01-17,62.59,62.59,62.59,62.59,0.0,62.59
2019-01-18,62.13,62.13,62.13,62.13,0.0,62.13
2019-01-22,62.32,62.32,62.32,62.32,0.0,62.32
2019-01-23,62.2,62.2,62.2,62.2,0.0,62.2
2019-01-24,62.22,62.22,62.22,62.22,0.0,62.22
2019-01-25,62.45,62.45,62.45,62.45,0.0,62.45
2019-01-28,61.95,61.95,61.95,61.95,0.0,61.95
2019-01-29,62.56,62.56,62.56,62.56,0.0,62.56
2019-01-30,62.15,62.15,62.15,62.15,0.0,62.15
2019-01-31,61.36,61.36,61.36,61.36,0.0,61.36
2019-02-01,62.71,62.71,62.71,62.71,0.0,62.71
2019-02-04,62.23,62.23,62.23,62.23,0.0,62.23
2019-02-05,61.62,61.62,61.62,61.62,0.0,61.62
2019-02-06,61.29,61.29,61.29,61.29,0.0,61.29
2019-02-07,61.11,61.11,61.11,61.11,0.0,61.11
2019-02-08,60.89,60.89,60.89,60.89,0.0,60.89
2019-02-11,60.69,60.69,60.69,60.69,0.0,60.69
2019-02-12,60.86,60.86,60.86,60.86,0.0,60.86
2019-02-13,61.27,61.27,61.27,61.27,0.0,61.27
2019-02-14,61.63,61.63,61.63,61.63,0.0,61.63
2019-02-15,61.75,61.75,61.75,61.75,0.0,61.75
2019-02-19,62.04,62.04,62.04,62.04,0.0,62.04
2019-02-20,61.81,61.81,61.81,61.81,0.0,61.81
2019-02-21,61.77,61.77,61.77,61.77,0.0,61.77
2019-02-22,61.62,61.62,61.62,61.62,0.0,61.62
2019-02-25,60.91,60.91,60.91,60.91,0.0,60.91
2019-02-26,60.73,60.73,60.73,60.73,0.0,60.73
2019-02-27,60.9,60.9,60.9,60.9,0.0,60.9
2019-02-28,60.8,60.8,60.8,60.8,0.0,60.8
2019-03-01,60.4,60.4,60.4,60.4,0.0,60.4
2019-03-04,61.39,61.39,61.39,61.39,0.0,61.39
2019-03-05,61.35,61.35,61.35,61.35,0.0,61.35
2019-03-06,61.13,61.13,61.13,61.13,0.0,61.13
2019-03-07,60.8,60.8,60.8,60.8,0.0,60.8
2019-03-08,60.93,60.93,60.93,60.93,0.0,60.93
2019-03-11,60.9,60.9,60.9,60.9,0.0,60.9
2019-03-12,61.05,61.05,61.05,61.05,0.0,61.05
2019-03-13,61.56,61.56,61.56,61.56,0.0,61.56
2019-03-14,61.04,61.04,61.04,61.04,0.0,61.04
2019-03-15,61.01,61.01,61.01,61.01,0.0,61.01
2019-03-18,60.95,60.95,60.95,60.95,0.0,60.95
2019-03-19,60.91,60.91,60.91,60.91,0.0,60.91
2019-03-20,60.87,60.87,60.87,60.87,0.0,60.87
2019-03-21,60.89,60.89,60.89,60.89,0.0,60.89
2019-03-22,60.72,60.72,60.72,60.72,0.0,60.72
2019-03-25,60.82,60.82,60.82,60.82,0.0,60.82
2019-03-26,60.7,60.7,60.7,60.7,0.0,60.7
2019-03-27,60.48,60.48,60.48,60.48,0.0,60.48
2019-03-28,60.61,60.61,60.61,60.61,0.0,60.61
2019-03-29,60.44,60.44,60.44,60.44,0.0,60.44
2019-04-01,60.49,60.49,60.49,60.49,0.0,60.49
2019-04-02,60.29,60.29,60.29,60.29,0.0,60.29
2019-04-03,60.72,60.72,60.72,60.72,0.0,60.72
2019-04-04,60.62,60.62,60.62,60.62,0.0,60.62
2019-04-05,60.5,60.5,60.5,60.5,0.0,60.5
2017-11-02,56.73,56.73,56.73,56.73,0.0,56.73
2017-11-03,56.84,56.84,56.84,56.84,0.0,56.84
2017-11-06,57.26,57.26,57.26,57.26,0.0,57.26
2017-11-07,57.4,57.4,57.4,57.4,0.0,57.4
2017-11-08,58.17,58.17,58.17,58.17,0.0,58.17
2017-11-09,58.39,58.39,58.39,58.39,0.0,58.39
2017-11-10,58.92,58.92,58.92,58.92,0.0,58.92
2017-11-13,59.2,59.2,59.2,59.2,0.0,59.2
2017-11-14,58.02,58.02,58.02,58.02,0.0,58.02
2017-11-15,58.0,58.0,58.0,58.0,0.0,58.0
2017-11-16,57.16,57.16,57.16,57.16,0.0,57.16
2017-11-17,57.06,57.06,57.06,57.06,0.0,57.06
2017-11-20,56.58,56.58,56.58,56.58,0.0,56.58
2017-11-21,56.38,56.38,56.38,56.38,0.0,56.38
2017-11-22,56.38,56.38,56.38,56.38,0.0,56.38
2017-11-24,56.56,56.56,56.56,56.56,0.0,56.56
2017-11-27,56.95,56.95,56.95,56.95,0.0,56.95
2017-11-28,57.08,57.08,57.08,57.08,0.0,57.08
2017-11-29,56.98,56.98,56.98,56.98,0.0,56.98
2017-11-30,56.97,56.97,56.97,56.97,0.0,56.97
2017-12-01,57.12,57.12,57.12,57.12,0.0,57.12
2017-12-04,56.97,56.97,56.97,56.97,0.0,56.97
2017-12-05,57.32,57.32,57.32,57.32,0.0,57.32
2017-12-06,56.69,56.69,56.69,56.69,0.0,56.69
2017-12-07,57.32,57.32,57.32,57.32,0.0,57.32
2017-12-08,57.56,57.56,57.56,57.56,0.0,57.56
2017-12-11,57.79,57.79,57.79,57.79,0.0,57.79
2017-12-12,57.04,57.04,57.04,57.04,0.0,57.04
2017-12-13,55.81,55.81,55.81,55.81,0.0,55.81
2017-12-14,56.13,56.13,56.13,56.13,0.0,56.13
2017-12-15,55.91,55.91,55.91,55.91,0.0,55.91
2017-12-18,56.72,56.72,56.72,56.72,0.0,56.72
2017-12-19,57.24,57.24,57.24,57.24,0.0,57.24
2017-12-20,57.05,57.05,57.05,57.05,0.0,57.05
2017-12-21,57.25,57.25,57.25,57.25,0.0,57.25
2017-12-22,57.63,57.63,57.63,57.63,0.0,57.63
2017-12-26,58.2,58.2,58.2,58.2,0.0,58.2
2017-12-27,58.32,58.32,58.32,58.32,0.0,58.32
2017-12-28,58.43,58.43,58.43,58.43,0.0,58.43
2017-12-29,57.86,57.86,57.86,57.86,0.0,57.86
2018-01-02,57.89,57.89,57.89,57.89,0.0,57.89
2018-01-03,57.97,57.97,57.97,57.97,0.0,57.97
2018-01-04,57.82,57.82,57.82,57.82,0.0,57.82
2018-01-05,58.04,58.04,58.04,58.04,0.0,58.04
2018-01-08,58.52,58.52,58.52,58.52,0.0,58.52
2018-01-09,58.89,58.89,58.89,58.89,0.0,58.89
2018-01-10,58.6,58.6,58.6,58.6,0.0,58.6
2018-01-11,58.56,58.56,58.56,58.56,0.0,58.56
2018-01-12,58.8,58.8,58.8,58.8,0.0,58.8
2018-01-16,58.98,58.98,58.98,58.98,0.0,58.98
2018-01-17,59.28,59.28,59.28,59.28,0.0,59.28
2018-01-18,59.46,59.46,59.46,59.46,0.0,59.46
2018-01-19,59.52,59.52,59.52,59.52,0.0,59.52
2018-01-22,59.71,59.71,59.71,59.71,0.0,59.71
2018-01-23,59.92,59.92,59.92,59.92,0.0,59.92
2018-01-24,59.1,59.1,59.1,59.1,0.0,59.1
2018-01-25,58.89,58.89,58.89,58.89,0.0,58.89
2018-01-26,58.54,58.54,58.54,58.54,0.0,58.54
2018-01-29,57.99,57.99,57.99,57.99,0.0,57.99
2018-01-30,57.4,57.4,57.4,57.4,0.0,57.4
2018-01-31,57.38,57.38,57.38,57.38,0.0,57.38
2018-02-01,57.4,57.4,57.4,57.4,0.0,57.4
2018-02-02,56.57,56.57,56.57,56.57,0.0,56.57
2018-02-05,56.39,56.39,56.39,56.39,0.0,56.39
2018-02-06,56.2,56.2,56.2,56.2,0.0,56.2
2018-02-07,56.19,56.19,56.19,56.19,0.0,56.19
2018-02-08,56.48,56.48,56.48,56.48,0.0,56.48
2018-02-09,55.99,55.99,55.99,55.99,0.0,55.99
2018-02-12,55.98,55.98,55.98,55.98,0.0,55.98
2018-02-13,56.38,56.38,56.38,56.38,0.0,56.38
2018-02-14,56.36,56.36,56.36,56.36,0.0,56.36
2018-02-15,56.41,56.41,56.41,56.41,0.0,56.41
2018-02-16,56.61,56.61,56.61,56.61,0.0,56.61
2018-02-20,57.11,57.11,57.11,57.11,0.0,57.11
2018-02-21,57.13,57.13,57.13,57.13,0.0,57.13
2018-02-22,57.32,57.32,57.32,57.32,0.0,57.32
2018-02-23,58.08,58.08,58.08,58.08,0.0,58.08
2018-02-26,58.62,58.62,58.62,58.62,0.0,58.62
2018-02-27,58.33,58.33,58.33,58.33,0.0,58.33
2018-02-28,56.72,56.72,56.72,56.72,0.0,56.72
2018-03-01,56.41,56.41,56.41,56.41,0.0,56.41
2018-03-02,56.5,56.5,56.5,56.5,0.0,56.5
2018-03-05,57.29,57.29,57.29,57.29,0.0,57.29
2018-03-06,57.22,57.22,57.22,57.22,0.0,57.22
2018-03-07,56.64,56.64,56.64,56.64,0.0,56.64
2018-03-08,56.49,56.49,56.49,56.49,0.0,56.49
2018-03-09,57.54,57.54,57.54,57.54,0.0,57.54
2018-03-12,57.37,57.37,57.37,57.37,0.0,57.37
2018-03-13,57.31,57.31,57.31,57.31,0.0,57.31
2018-03-14,57.37,57.37,57.37,57.37,0.0,57.37
2018-03-15,57.09,57.09,57.09,57.09,0.0,57.09
2018-03-16,57.28,57.28,57.28,57.28,0.0,57.28
2018-03-19,56.78,56.78,56.78,56.78,0.0,56.78
2018-03-20,57.02,57.02,57.02,57.02,0.0,57.02
2018-03-21,57.88,57.88,57.88,57.88,0.0,57.88
2018-03-22,57.5,57.5,57.5,57.5,0.0,57.5
2018-03-23,58.03,58.03,58.03,58.03,0.0,58.03
2018-03-26,57.91,57.91,57.91,57.91,0.0,57.91
2018-03-27,58.3,58.3,58.3,58.3,0.0,58.3
2018-03-28,58.27,58.27,58.27,58.27,0.0,58.27
2018-03-29,57.96,57.96,57.96,57.96,0.0,57.96
2018-04-02,57.11,57.11,57.11,57.11,0.0,57.11
2018-04-03,57.66,57.66,57.66,57.66,0.0,57.66
2018-04-04,57.67,57.67,57.67,57.67,0.0,57.67
2018-04-05,57.79,57.79,57.79,57.79,0.0,57.79
